Vaccine ,Vial Size,Company  ,Year,% Difference in Min. Price Color,Avg. Price
BCG,20-dose,SII,2025,,
BCG,20-dose,Japan BCG Lab,2025,,
BCG,20-dose,InterVax,2025,,
BCG,20-dose,GreenSignal,2025,,
BCG,20-dose,BB-NCIPD,2025,,
BCG,20-dose,AJ Vaccines,2025,,
BCG,20-dose,InterVax,2024,,
BCG,20-dose,GreenSignal,2024,,
BCG,20-dose,SII,2023,0%,0.12
BCG,20-dose,Japan BCG Lab,2023,4.55%,0.2
BCG,20-dose,InterVax,2023,,
BCG,20-dose,GreenSignal,2023,,
BCG,20-dose,BB-NCIPD,2023,2.99%,0.1
BCG,20-dose,AJ Vaccines,2023,2.65%,0.29
BCG,20-dose,SII,2022,0%,0.12
BCG,20-dose,Japan BCG Lab,2022,0%,0.19
BCG,20-dose,InterVax,2022,,
BCG,20-dose,GreenSignal,2022,,
BCG,20-dose,BB-NCIPD,2022,2.97%,0.1
BCG,20-dose,AJ Vaccines,2022,2.36%,0.28
BCG,20-dose,SII,2021,0%,0.12
BCG,20-dose,Japan BCG Lab,2021,0%,0.19
BCG,20-dose,InterVax,2021,,
BCG,20-dose,BB-NCIPD,2021,2.95%,0.1
BCG,20-dose,AJ Vaccines,2021,2.60%,0.28
BCG,20-dose,SII,2020,0%,0.12
BCG,20-dose,Japan BCG Lab,2020,0%,0.19
BCG,20-dose,InterVax,2020,,
BCG,20-dose,GreenSignal,2020,0%,0.1
BCG,20-dose,BB-NCIPD,2020,3.04%,0.09
BCG,20-dose,AJ Vaccines,2020,2.48%,0.27
BCG,20-dose,SII,2019,14.76%,0.12
BCG,20-dose,Japan BCG Lab,2019,10.00%,0.19
BCG,20-dose,GreenSignal,2019,16.67%,0.1
BCG,20-dose,BB-NCIPD,2019,,0.09
BCG,20-dose,AJ Vaccines,2019,,0.26
BCG,20-dose,SII,2018,0%,0.1
BCG,20-dose,Japan BCG Lab,2018,2.41%,0.17
BCG,20-dose,InterVax,2018,6.98%,0.09
BCG,20-dose,GreenSignal,2018,20%,0.09
BCG,20-dose,BB-NCIPD,2018,,
BCG,20-dose,AJ Vaccines,2018,,
BCG,20-dose,SII,2017,0%,0.1
BCG,20-dose,Japan BCG Lab,2017,2.47%,0.17
BCG,20-dose,InterVax,2017,7.50%,0.09
BCG,20-dose,GreenSignal,2017,10.29%,0.07
BCG,20-dose,BB-NCIPD,2017,,
BCG,20-dose,AJ Vaccines,2017,,
BCG,20-dose,SII,2016,54.41%,0.1
BCG,20-dose,Japan BCG Lab,2016,18.25%,0.16
BCG,20-dose,InterVax,2016,6.95%,0.08
BCG,20-dose,GreenSignal,2016,,0.07
BCG,20-dose,BB-NCIPD,2016,,
BCG,20-dose,SII,2015,4.62%,0.07
BCG,20-dose,Japan BCG Lab,2015,0%,0.14
BCG,20-dose,InterVax,2015,2.47%,0.07
BCG,20-dose,GreenSignal,2015,,
BCG,20-dose,BB-NCIPD,2015,,
BCG,20-dose,AJ Vaccines,2015,2.61%,0.16
BCG,20-dose,SII,2014,4%,0.07
BCG,20-dose,Japan BCG Lab,2014,0%,0.14
BCG,20-dose,InterVax,2014,2.10%,0.07
BCG,20-dose,GreenSignal,2014,,
BCG,20-dose,BB-NCIPD,2014,,
BCG,20-dose,AJ Vaccines,2014,2.34%,0.15
BCG,20-dose,SII,2013,,0.06
BCG,20-dose,Japan BCG Lab,2013,,0.14
BCG,20-dose,InterVax,2013,,0.07
BCG,20-dose,GreenSignal,2013,,
BCG,20-dose,BB-NCIPD,2013,,
BCG,20-dose,AJ Vaccines,2013,,0.15
bOPV,10-dose,SII,2025,,
bOPV,10-dose,GSK,2025,,
bOPV,10-dose,Bio Farma,2025,,
bOPV,10-dose,BBIL,2025,,
bOPV,10-dose,SII,2024,,
bOPV,10-dose,GSK,2024,,
bOPV,10-dose,Bio Farma,2024,,
bOPV,10-dose,BBIL,2024,,
bOPV,10-dose,SII,2023,,
bOPV,10-dose,GSK,2023,,
bOPV,10-dose,SII,2022,,
bOPV,10-dose,Bio Farma,2022,0%,0.14
bOPV,10-dose,BBIL,2022,0%,0.19
bOPV,10-dose,SII,2021,,
bOPV,10-dose,GSK,2021,0%,0.18
bOPV,10-dose,Bio Farma,2021,0%,0.14
bOPV,10-dose,BBIL,2021,0%,0.19
bOPV,10-dose,SII,2020,,
bOPV,10-dose,GSK,2020,0%,0.18
bOPV,10-dose,Bio Farma,2020,3.57%,0.14
bOPV,10-dose,BBIL,2020,5.59%,0.19
bOPV,10-dose,SII,2019,,
bOPV,10-dose,GSK,2019,0%,0.18
bOPV,10-dose,Bio Farma,2019,0%,0.14
bOPV,10-dose,BBIL,2019,0%,0.18
bOPV,10-dose,GSK,2018,0%,0.18
bOPV,10-dose,Bio Farma,2018,,0.14
bOPV,10-dose,BBIL,2018,,0.18
bOPV,10-dose,SII,2017,0%,0.19
bOPV,10-dose,GSK,2017,0%,0.18
bOPV,10-dose,Bio Farma,2017,,
bOPV,10-dose,BBIL,2017,,
bOPV,10-dose,SII,2016,,0.19
bOPV,10-dose,GSK,2016,,0.18
bOPV,10-dose,Bio Farma,2016,,
bOPV,10-dose,BBIL,2016,,
bOPV,10-dose,SII,2015,,
bOPV,10-dose,GSK,2015,,
bOPV,10-dose,Bio Farma,2015,,
bOPV,10-dose,BBIL,2015,,
bOPV,10-dose,SII,2014,,
bOPV,10-dose,GSK,2014,,
bOPV,10-dose,Bio Farma,2014,,
bOPV,10-dose,BBIL,2014,,
bOPV,10-dose,SII,2013,,
bOPV,10-dose,GSK,2013,,
bOPV,10-dose,Bio Farma,2013,,
bOPV,10-dose,BBIL,2013,,
bOPV,20-dose,SII,2025,,
bOPV,20-dose,Sanofi,2025,,
bOPV,20-dose,Haffkine,2025,,
bOPV,20-dose,GSK,2025,,
bOPV,20-dose,CNBG Tiantan,2025,,
bOPV,20-dose,CNBG Beijing,2025,,
bOPV,20-dose,Bio Farma,2025,,
bOPV,20-dose,BBIL,2025,,
bOPV,20-dose,SII,2024,,
bOPV,20-dose,Sanofi,2024,,
bOPV,20-dose,Haffkine,2024,,
bOPV,20-dose,GSK,2024,,
bOPV,20-dose,CNBG Tiantan,2024,,
bOPV,20-dose,CNBG Beijing,2024,,
bOPV,20-dose,Bio Farma,2024,,
bOPV,20-dose,BBIL,2024,,
bOPV,20-dose,CNBG Tiantan,2023,,
bOPV,20-dose,SII,2022,0%,0.13
bOPV,20-dose,Sanofi,2022,0%,0.17
bOPV,20-dose,Haffkine,2022,,0.11
bOPV,20-dose,GSK,2022,0%,0.14
bOPV,20-dose,CNBG Tiantan,2022,,
bOPV,20-dose,CNBG Beijing,2022,34.98%,0.12
bOPV,20-dose,Bio Farma,2022,0%,0.12
bOPV,20-dose,BBIL,2022,0%,0.13
bOPV,20-dose,SII,2021,0%,0.13
bOPV,20-dose,Sanofi,2021,34.15%,0.17
bOPV,20-dose,Haffkine,2021,,
bOPV,20-dose,GSK,2021,0%,0.14
bOPV,20-dose,CNBG Tiantan,2021,,
bOPV,20-dose,CNBG Beijing,2021,-8.82%,0.09
bOPV,20-dose,Bio Farma,2021,-2.08%,0.12
bOPV,20-dose,BBIL,2021,0%,0.13
bOPV,20-dose,SII,2020,0%,0.13
bOPV,20-dose,Sanofi,2020,-29.71%,0.12
bOPV,20-dose,GSK,2020,0%,0.14
bOPV,20-dose,CNBG Tiantan,2020,,
bOPV,20-dose,CNBG Beijing,2020,4.95%,0.1
bOPV,20-dose,Bio Farma,2020,0%,0.12
bOPV,20-dose,BBIL,2020,4.02%,0.13
bOPV,20-dose,SII,2019,0%,0.13
bOPV,20-dose,Sanofi,2019,0%,0.17
bOPV,20-dose,Haffkine,2019,0%,0.11
bOPV,20-dose,GSK,2019,0%,0.14
bOPV,20-dose,CNBG Beijing,2019,,0.09
bOPV,20-dose,Bio Farma,2019,0%,0.12
bOPV,20-dose,BBIL,2019,8.26%,0.12
bOPV,20-dose,SII,2018,0%,0.13
bOPV,20-dose,Sanofi,2018,20.69%,0.17
bOPV,20-dose,Haffkine,2018,-15.38%,0.11
bOPV,20-dose,GSK,2018,0%,0.14
bOPV,20-dose,CNBG Tiantan,2018,,0.1
bOPV,20-dose,CNBG Beijing,2018,,
bOPV,20-dose,Bio Farma,2018,0%,0.12
bOPV,20-dose,BBIL,2018,-8.66%,0.12
bOPV,20-dose,SII,2017,8.33%,0.13
bOPV,20-dose,Sanofi,2017,0%,0.14
bOPV,20-dose,Haffkine,2017,0%,0.13
bOPV,20-dose,GSK,2017,0%,0.14
bOPV,20-dose,CNBG Tiantan,2017,,
bOPV,20-dose,CNBG Beijing,2017,,
bOPV,20-dose,Bio Farma,2017,0%,0.12
bOPV,20-dose,BBIL,2017,0%,0.13
bOPV,20-dose,SII,2016,2.13%,0.12
bOPV,20-dose,Sanofi,2016,3.57%,0.14
bOPV,20-dose,Haffkine,2016,0%,0.13
bOPV,20-dose,GSK,2016,0%,0.14
bOPV,20-dose,CNBG Tiantan,2016,,
bOPV,20-dose,CNBG Beijing,2016,,
bOPV,20-dose,Bio Farma,2016,0%,0.12
bOPV,20-dose,BBIL,2016,0%,0.13
bOPV,20-dose,SII,2015,17.50%,0.12
bOPV,20-dose,Sanofi,2015,0%,0.14
bOPV,20-dose,Haffkine,2015,0%,0.13
bOPV,20-dose,GSK,2015,0%,0.14
bOPV,20-dose,CNBG Tiantan,2015,,
bOPV,20-dose,CNBG Beijing,2015,,
bOPV,20-dose,Bio Farma,2015,0%,0.12
bOPV,20-dose,BBIL,2015,,0.13
bOPV,20-dose,SII,2014,0%,0.1
bOPV,20-dose,Sanofi,2014,0%,0.14
bOPV,20-dose,Haffkine,2014,0%,0.13
bOPV,20-dose,GSK,2014,0%,0.14
bOPV,20-dose,CNBG Tiantan,2014,,
bOPV,20-dose,CNBG Beijing,2014,,
bOPV,20-dose,Bio Farma,2014,0%,0.12
bOPV,20-dose,BBIL,2014,,
bOPV,20-dose,SII,2013,,0.1
bOPV,20-dose,Sanofi,2013,,0.14
bOPV,20-dose,Haffkine,2013,,0.13
bOPV,20-dose,GSK,2013,,0.14
bOPV,20-dose,CNBG Tiantan,2013,,
bOPV,20-dose,CNBG Beijing,2013,,
bOPV,20-dose,Bio Farma,2013,,0.12
bOPV,20-dose,BBIL,2013,,
Covid-19,1-dose,CNBG Beijing,2025,,
Covid-19,1-dose,CNBG Beijing,2024,,
Covid-19,1-dose,CNBG Beijing,2022,0%,5.5
Covid-19,1-dose,CNBG Beijing,2021,,5.5
Covid-19,1-dose,CNBG Beijing,2020,,
Covid-19,1-dose,CNBG Beijing,2019,,
Covid-19,1-dose,CNBG Beijing,2018,,
Covid-19,1-dose,CNBG Beijing,2017,,
Covid-19,1-dose,CNBG Beijing,2016,,
Covid-19,1-dose,CNBG Beijing,2015,,
Covid-19,1-dose,CNBG Beijing,2014,,
Covid-19,1-dose,CNBG Beijing,2013,,
Covid-19,5-dose,Janssen,2025,,
Covid-19,5-dose,Janssen,2024,,
Covid-19,5-dose,Janssen,2022,0%,7.5
Covid-19,5-dose,Janssen,2021,,7.5
Covid-19,5-dose,Janssen,2020,,
Covid-19,5-dose,Janssen,2019,,
Covid-19,5-dose,Janssen,2018,,
Covid-19,5-dose,Janssen,2017,,
Covid-19,5-dose,Janssen,2016,,
Covid-19,5-dose,Janssen,2015,,
Covid-19,5-dose,Janssen,2014,,
Covid-19,5-dose,Janssen,2013,,
Covid-19,10-dose,SII,2025,,
Covid-19,10-dose,Moderna,2025,,
Covid-19,10-dose,AstraZeneca,2025,,
Covid-19,10-dose,SII,2024,,
Covid-19,10-dose,Moderna,2024,,
Covid-19,10-dose,AstraZeneca,2024,,
Covid-19,10-dose,SII,2022,0%,3
Covid-19,10-dose,Moderna,2022,0%,10
Covid-19,10-dose,AstraZeneca,2022,0%,4
Covid-19,10-dose,SII,2021,,3
Covid-19,10-dose,Moderna,2021,,10
Covid-19,10-dose,AstraZeneca,2021,,4
Covid-19,10-dose,SII,2020,,
Covid-19,10-dose,Moderna,2020,,
Covid-19,10-dose,AstraZeneca,2020,,
Covid-19,10-dose,SII,2019,,
Covid-19,10-dose,Moderna,2019,,
Covid-19,10-dose,AstraZeneca,2019,,
Covid-19,10-dose,SII,2018,,
Covid-19,10-dose,Moderna,2018,,
Covid-19,10-dose,AstraZeneca,2018,,
Covid-19,10-dose,SII,2017,,
Covid-19,10-dose,Moderna,2017,,
Covid-19,10-dose,AstraZeneca,2017,,
Covid-19,10-dose,SII,2016,,
Covid-19,10-dose,Moderna,2016,,
Covid-19,10-dose,AstraZeneca,2016,,
Covid-19,10-dose,SII,2015,,
Covid-19,10-dose,Moderna,2015,,
Covid-19,10-dose,AstraZeneca,2015,,
Covid-19,10-dose,SII,2014,,
Covid-19,10-dose,Moderna,2014,,
Covid-19,10-dose,AstraZeneca,2014,,
Covid-19,10-dose,SII,2013,,
Covid-19,10-dose,Moderna,2013,,
Covid-19,10-dose,AstraZeneca,2013,,
DT,10-dose,SII,2025,,
DT,10-dose,InterVax,2025,,
DT,10-dose,Bio Farma,2025,,
DT,10-dose,SII,2024,,
DT,10-dose,InterVax,2024,,
DT,10-dose,Bio Farma,2024,,
DT,10-dose,SII,2023,,
DT,10-dose,InterVax,2023,,
DT,10-dose,SII,2022,,
DT,10-dose,InterVax,2022,,
DT,10-dose,Bio Farma,2022,0%,0.17
DT,10-dose,InterVax,2021,,
DT,10-dose,Bio Farma,2021,0%,0.17
DT,10-dose,SII,2020,0%,0.18
DT,10-dose,InterVax,2020,,
DT,10-dose,Bio Farma,2020,3.13%,0.17
DT,10-dose,SII,2019,,0.18
DT,10-dose,Bio Farma,2019,0%,0.16
DT,10-dose,SII,2018,,
DT,10-dose,InterVax,2018,5.03%,0.17
DT,10-dose,Bio Farma,2018,,0.16
DT,10-dose,SII,2017,,
DT,10-dose,InterVax,2017,13.57%,0.16
DT,10-dose,Bio Farma,2017,,
DT,10-dose,InterVax,2016,14.29%,0.14
DT,10-dose,Bio Farma,2016,,
DT,10-dose,SII,2015,0%,0.12
DT,10-dose,InterVax,2015,2.51%,0.12
DT,10-dose,Bio Farma,2015,,
DT,10-dose,SII,2014,4.55%,0.12
DT,10-dose,InterVax,2014,1.70%,0.12
DT,10-dose,Bio Farma,2014,,
DT,10-dose,SII,2013,,0.11
DT,10-dose,InterVax,2013,,0.12
DT,10-dose,Bio Farma,2013,,
DT,20,BB-NCIPD,2025,,
DT,20,BB-NCIPD,2024,,
DT,20,BB-NCIPD,2022,0%,0.17
DT,20,BB-NCIPD,2021,,0.17
DT,20,BB-NCIPD,2020,,
DT,20,BB-NCIPD,2019,,
DT,20,BB-NCIPD,2018,,
DT,20,BB-NCIPD,2017,,
DT,20,BB-NCIPD,2016,,
DT,20,BB-NCIPD,2015,,
DT,20,BB-NCIPD,2014,,
DT,20,BB-NCIPD,2013,,
DTwP,10-dose,SII,2025,,
DTwP,10-dose,BioE,2025,,
DTwP,10-dose,Bio Farma,2025,,
DTwP,10-dose,SII,2024,,
DTwP,10-dose,BioE,2024,,
DTwP,10-dose,Bio Farma,2024,,
DTwP,10-dose,Bio Farma,2023,,
DTwP,10-dose,SII,2022,0%,0.17
DTwP,10-dose,BioE,2022,0%,0.19
DTwP,10-dose,Bio Farma,2022,,
DTwP,10-dose,SII,2021,0%,0.17
DTwP,10-dose,BioE,2021,0%,0.19
DTwP,10-dose,Bio Farma,2021,,
DTwP,10-dose,SII,2020,0%,0.17
DTwP,10-dose,BioE,2020,0%,0.19
DTwP,10-dose,Bio Farma,2020,,
DTwP,10-dose,SII,2019,-17.50%,0.17
DTwP,10-dose,BioE,2019,,0.19
DTwP,10-dose,SII,2018,0%,0.2
DTwP,10-dose,BioE,2018,,
DTwP,10-dose,Bio Farma,2018,6.67%,0.24
DTwP,10-dose,SII,2017,0%,0.2
DTwP,10-dose,BioE,2017,,
DTwP,10-dose,Bio Farma,2017,7.14%,0.23
DTwP,10-dose,SII,2016,,0.2
DTwP,10-dose,BioE,2016,,
DTwP,10-dose,Bio Farma,2016,6.60%,0.21
DTwP,10-dose,SII,2015,,
DTwP,10-dose,BioE,2015,,
DTwP,10-dose,Bio Farma,2015,0%,0.2
DTwP,10-dose,SII,2014,,
DTwP,10-dose,BioE,2014,,
DTwP,10-dose,Bio Farma,2014,0%,0.2
DTwP,10-dose,SII,2013,,
DTwP,10-dose,BioE,2013,,
DTwP,10-dose,Bio Farma,2013,,0.2
DTwP-HepB-Hib,1-dose,SII,2025,,
DTwP-HepB-Hib,1-dose,Shantha,2025,,
DTwP-HepB-Hib,1-dose,Sanofi,2025,,
DTwP-HepB-Hib,1-dose,Panacea,2025,,
DTwP-HepB-Hib,1-dose,LG Chem,2025,,
DTwP-HepB-Hib,1-dose,Janssen,2025,,
DTwP-HepB-Hib,1-dose,BioE,2025,,
DTwP-HepB-Hib,1-dose,SII,2024,,
DTwP-HepB-Hib,1-dose,Shantha,2024,,
DTwP-HepB-Hib,1-dose,Sanofi,2024,,
DTwP-HepB-Hib,1-dose,Panacea,2024,,
DTwP-HepB-Hib,1-dose,LG Chem,2024,,
DTwP-HepB-Hib,1-dose,Janssen,2024,,
DTwP-HepB-Hib,1-dose,BioE,2024,,
DTwP-HepB-Hib,1-dose,Shantha,2023,,
DTwP-HepB-Hib,1-dose,Sanofi,2023,,
DTwP-HepB-Hib,1-dose,LG Chem,2023,,
DTwP-HepB-Hib,1-dose,Janssen,2023,,
DTwP-HepB-Hib,1-dose,SII,2022,0%,1.15
DTwP-HepB-Hib,1-dose,Shantha,2022,,
DTwP-HepB-Hib,1-dose,Panacea,2022,0%,1.05
DTwP-HepB-Hib,1-dose,LG Chem,2022,,
DTwP-HepB-Hib,1-dose,Janssen,2022,,
DTwP-HepB-Hib,1-dose,BioE,2022,0%,1.15
DTwP-HepB-Hib,1-dose,SII,2021,-4.17%,1.15
DTwP-HepB-Hib,1-dose,Sanofi,2021,,1.19
DTwP-HepB-Hib,1-dose,Panacea,2021,16.67%,1.05
DTwP-HepB-Hib,1-dose,Janssen,2021,,
DTwP-HepB-Hib,1-dose,BioE,2021,12.39%,1.15
DTwP-HepB-Hib,1-dose,SII,2020,0%,1.2
DTwP-HepB-Hib,1-dose,Shantha,2020,0%,1.19
DTwP-HepB-Hib,1-dose,Sanofi,2020,,
DTwP-HepB-Hib,1-dose,Panacea,2020,,0.9
DTwP-HepB-Hib,1-dose,LG Chem,2020,0%,1.2
DTwP-HepB-Hib,1-dose,Janssen,2020,,
DTwP-HepB-Hib,1-dose,BioE,2020,-2.38%,1.02
DTwP-HepB-Hib,1-dose,SII,2019,9.09%,1.2
DTwP-HepB-Hib,1-dose,Shantha,2019,,1.19
DTwP-HepB-Hib,1-dose,Sanofi,2019,,
DTwP-HepB-Hib,1-dose,Panacea,2019,,
DTwP-HepB-Hib,1-dose,LG Chem,2019,22.45%,1.2
DTwP-HepB-Hib,1-dose,Janssen,2019,,
DTwP-HepB-Hib,1-dose,BioE,2019,-8.70%,1.05
DTwP-HepB-Hib,1-dose,SII,2018,22.22%,1.1
DTwP-HepB-Hib,1-dose,Shantha,2018,,
DTwP-HepB-Hib,1-dose,Sanofi,2018,,
DTwP-HepB-Hib,1-dose,LG Chem,2018,-4.85%,0.98
DTwP-HepB-Hib,1-dose,BioE,2018,,1.15
DTwP-HepB-Hib,1-dose,SII,2017,-60%,0.9
DTwP-HepB-Hib,1-dose,Shantha,2017,,
DTwP-HepB-Hib,1-dose,Sanofi,2017,,
DTwP-HepB-Hib,1-dose,Panacea,2017,,1.4
DTwP-HepB-Hib,1-dose,LG Chem,2017,,1.03
DTwP-HepB-Hib,1-dose,Janssen,2017,-65.96%,0.8
DTwP-HepB-Hib,1-dose,SII,2016,0%,2.25
DTwP-HepB-Hib,1-dose,Shantha,2016,,
DTwP-HepB-Hib,1-dose,Sanofi,2016,,
DTwP-HepB-Hib,1-dose,Panacea,2016,,
DTwP-HepB-Hib,1-dose,LG Chem,2016,,
DTwP-HepB-Hib,1-dose,Janssen,2016,0%,2.35
DTwP-HepB-Hib,1-dose,BioE,2016,-2.17%,2.25
DTwP-HepB-Hib,1-dose,SII,2015,-16.67%,2.25
DTwP-HepB-Hib,1-dose,Shantha,2015,,
DTwP-HepB-Hib,1-dose,Sanofi,2015,,
DTwP-HepB-Hib,1-dose,Panacea,2015,,
DTwP-HepB-Hib,1-dose,LG Chem,2015,,
DTwP-HepB-Hib,1-dose,Janssen,2015,-2.08%,2.35
DTwP-HepB-Hib,1-dose,BioE,2015,-2.13%,2.3
DTwP-HepB-Hib,1-dose,SII,2014,3.85%,2.7
DTwP-HepB-Hib,1-dose,Shantha,2014,,
DTwP-HepB-Hib,1-dose,Sanofi,2014,,
DTwP-HepB-Hib,1-dose,Panacea,2014,,
DTwP-HepB-Hib,1-dose,LG Chem,2014,,
DTwP-HepB-Hib,1-dose,Janssen,2014,23.08%,2.4
DTwP-HepB-Hib,1-dose,BioE,2014,0%,2.35
DTwP-HepB-Hib,1-dose,SII,2013,,2.6
DTwP-HepB-Hib,1-dose,Shantha,2013,,
DTwP-HepB-Hib,1-dose,Sanofi,2013,,
DTwP-HepB-Hib,1-dose,Panacea,2013,,
DTwP-HepB-Hib,1-dose,LG Chem,2013,,
DTwP-HepB-Hib,1-dose,Janssen,2013,,1.95
DTwP-HepB-Hib,1-dose,BioE,2013,,2.35
DTwP-HepB-Hib,2-dose,LG Chem,2025,,
DTwP-HepB-Hib,2-dose,GSK,2025,,
DTwP-HepB-Hib,2-dose,LG Chem,2024,,
DTwP-HepB-Hib,2-dose,GSK,2024,,
DTwP-HepB-Hib,2-dose,LG Chem,2023,,
DTwP-HepB-Hib,2-dose,GSK,2023,,
DTwP-HepB-Hib,2-dose,LG Chem,2022,,
DTwP-HepB-Hib,2-dose,GSK,2022,,
DTwP-HepB-Hib,2-dose,LG Chem,2021,,
DTwP-HepB-Hib,2-dose,GSK,2021,,
DTwP-HepB-Hib,2-dose,LG Chem,2020,,
DTwP-HepB-Hib,2-dose,GSK,2020,,
DTwP-HepB-Hib,2-dose,LG Chem,2019,,
DTwP-HepB-Hib,2-dose,GSK,2019,,
DTwP-HepB-Hib,2-dose,LG Chem,2018,,
DTwP-HepB-Hib,2-dose,GSK,2018,,
DTwP-HepB-Hib,2-dose,GSK,2017,,
DTwP-HepB-Hib,2-dose,LG Chem,2016,-0.51%,1.94
DTwP-HepB-Hib,2-dose,GSK,2016,,
DTwP-HepB-Hib,2-dose,LG Chem,2015,-0.51%,1.95
DTwP-HepB-Hib,2-dose,LG Chem,2014,-0.51%,1.96
DTwP-HepB-Hib,2-dose,GSK,2014,0%,2.95
DTwP-HepB-Hib,2-dose,LG Chem,2013,,1.97
DTwP-HepB-Hib,2-dose,GSK,2013,,2.95
DTwP-HepB-Hib,10-dose,SII,2025,,
DTwP-HepB-Hib,10-dose,Shantha,2025,,
DTwP-HepB-Hib,10-dose,Sanofi,2025,,
DTwP-HepB-Hib,10-dose,Panacea,2025,,
DTwP-HepB-Hib,10-dose,LG Chem,2025,,
DTwP-HepB-Hib,10-dose,BioE,2025,,
DTwP-HepB-Hib,10-dose,SII,2024,,
DTwP-HepB-Hib,10-dose,Shantha,2024,,
DTwP-HepB-Hib,10-dose,Sanofi,2024,,
DTwP-HepB-Hib,10-dose,Panacea,2024,,
DTwP-HepB-Hib,10-dose,LG Chem,2024,,
DTwP-HepB-Hib,10-dose,BioE,2024,,
DTwP-HepB-Hib,10-dose,Shantha,2023,,
DTwP-HepB-Hib,10-dose,Panacea,2023,,
DTwP-HepB-Hib,10-dose,SII,2022,0%,0.8
DTwP-HepB-Hib,10-dose,Shantha,2022,,
DTwP-HepB-Hib,10-dose,Sanofi,2022,0%,0.75
DTwP-HepB-Hib,10-dose,Panacea,2022,,
DTwP-HepB-Hib,10-dose,LG Chem,2022,0%,0.78
DTwP-HepB-Hib,10-dose,BioE,2022,0%,0.81
DTwP-HepB-Hib,10-dose,SII,2021,15.94%,0.8
DTwP-HepB-Hib,10-dose,Sanofi,2021,,0.75
DTwP-HepB-Hib,10-dose,Panacea,2021,,
DTwP-HepB-Hib,10-dose,LG Chem,2021,13.04%,0.78
DTwP-HepB-Hib,10-dose,BioE,2021,20%,0.81
DTwP-HepB-Hib,10-dose,SII,2020,0%,0.69
DTwP-HepB-Hib,10-dose,Shantha,2020,0%,0.75
DTwP-HepB-Hib,10-dose,Sanofi,2020,,
DTwP-HepB-Hib,10-dose,Panacea,2020,,
DTwP-HepB-Hib,10-dose,LG Chem,2020,0%,0.69
DTwP-HepB-Hib,10-dose,BioE,2020,-3.57%,0.68
DTwP-HepB-Hib,10-dose,SII,2019,0%,0.69
DTwP-HepB-Hib,10-dose,Shantha,2019,-11.76%,0.75
DTwP-HepB-Hib,10-dose,Sanofi,2019,,
DTwP-HepB-Hib,10-dose,Panacea,2019,,
DTwP-HepB-Hib,10-dose,LG Chem,2019,6.15%,0.69
DTwP-HepB-Hib,10-dose,BioE,2019,0%,0.7
DTwP-HepB-Hib,10-dose,SII,2018,-8.00%,0.69
DTwP-HepB-Hib,10-dose,Shantha,2018,0%,0.85
DTwP-HepB-Hib,10-dose,Sanofi,2018,,
DTwP-HepB-Hib,10-dose,Panacea,2018,,
DTwP-HepB-Hib,10-dose,LG Chem,2018,-4.41%,0.65
DTwP-HepB-Hib,10-dose,BioE,2018,,0.7
DTwP-HepB-Hib,10-dose,SII,2017,-50%,0.75
DTwP-HepB-Hib,10-dose,Shantha,2017,-48.48%,0.85
DTwP-HepB-Hib,10-dose,Sanofi,2017,,
DTwP-HepB-Hib,10-dose,LG Chem,2017,-49.63%,0.68
DTwP-HepB-Hib,10-dose,SII,2016,-3.23%,1.5
DTwP-HepB-Hib,10-dose,Shantha,2016,0%,1.65
DTwP-HepB-Hib,10-dose,Sanofi,2016,,
DTwP-HepB-Hib,10-dose,Panacea,2016,-20.10%,1.55
DTwP-HepB-Hib,10-dose,LG Chem,2016,,1.35
DTwP-HepB-Hib,10-dose,BioE,2016,-3.36%,1.15
DTwP-HepB-Hib,10-dose,SII,2015,-20.51%,1.55
DTwP-HepB-Hib,10-dose,Shantha,2015,,1.65
DTwP-HepB-Hib,10-dose,Sanofi,2015,,
DTwP-HepB-Hib,10-dose,Panacea,2015,7.78%,1.94
DTwP-HepB-Hib,10-dose,LG Chem,2015,,
DTwP-HepB-Hib,10-dose,BioE,2015,0%,1.19
DTwP-HepB-Hib,10-dose,SII,2014,5.41%,1.95
DTwP-HepB-Hib,10-dose,Shantha,2014,,
DTwP-HepB-Hib,10-dose,Sanofi,2014,,
DTwP-HepB-Hib,10-dose,Panacea,2014,,1.8
DTwP-HepB-Hib,10-dose,LG Chem,2014,,
DTwP-HepB-Hib,10-dose,BioE,2014,0%,1.19
DTwP-HepB-Hib,10-dose,SII,2013,,1.85
DTwP-HepB-Hib,10-dose,Shantha,2013,,
DTwP-HepB-Hib,10-dose,Sanofi,2013,,
DTwP-HepB-Hib,10-dose,Panacea,2013,,
DTwP-HepB-Hib,10-dose,LG Chem,2013,,
DTwP-HepB-Hib,10-dose,BioE,2013,,1.19
Ebola,1-dose,Merck,2025,0%,98.6
Ebola,1-dose,Merck,2024,0%,98.6
Ebola,1-dose,Merck,2023,0%,98.6
Ebola,1-dose,Merck,2022,0%,98.6
Ebola,1-dose,Merck,2021,0%,98.6
Ebola,1-dose,Merck,2020,,98.6
Ebola,1-dose,Merck,2019,,
Ebola,1-dose,Merck,2018,,
Ebola,1-dose,Merck,2017,,
Ebola,1-dose,Merck,2016,,
Ebola,1-dose,Merck,2015,,
Ebola,1-dose,Merck,2014,,
Ebola,1-dose,Merck,2013,,
HepA,1-dose,Sinovac,2025,,
HepA,1-dose,Sinovac,2024,,
HepA,1-dose,Sinovac,2023,,
HepA,1-dose,Sinovac,2021,8.01%,7.55
HepA,1-dose,Sinovac,2020,0%,6.99
HepA,1-dose,Sinovac,2019,,6.99
HepA,1-dose,Sinovac,2018,,
HepA,1-dose,Sinovac,2017,,
HepA,1-dose,Sinovac,2016,,
HepA,1-dose,Sinovac,2015,,
HepA,1-dose,Sinovac,2014,,
HepA,1-dose,Sinovac,2013,,
HepB,1-dose,SII,2025,,
HepB,1-dose,LG Chem,2025,,
HepB,1-dose,SII,2024,,
HepB,1-dose,LG Chem,2024,,
HepB,1-dose,SII,2022,0%,0.49
HepB,1-dose,LG Chem,2022,0%,0.6
HepB,1-dose,SII,2021,0%,0.49
HepB,1-dose,LG Chem,2021,0%,0.6
HepB,1-dose,SII,2020,68.97%,0.49
HepB,1-dose,LG Chem,2020,42.86%,0.6
HepB,1-dose,SII,2019,45%,0.29
HepB,1-dose,LG Chem,2019,0%,0.42
HepB,1-dose,SII,2018,0%,0.2
HepB,1-dose,LG Chem,2018,0%,0.42
HepB,1-dose,SII,2017,0%,0.2
HepB,1-dose,LG Chem,2017,0%,0.42
HepB,1-dose,SII,2016,,0.2
HepB,1-dose,LG Chem,2016,10.53%,0.42
HepB,1-dose,SII,2015,,
HepB,1-dose,LG Chem,2015,0%,0.38
HepB,1-dose,SII,2014,,
HepB,1-dose,LG Chem,2014,0%,0.38
HepB,1-dose,SII,2013,,
HepB,1-dose,LG Chem,2013,,0.38
HepB,10-dose,SII,2025,,
HepB,10-dose,LG Chem,2025,,
HepB,10-dose,Crucell,2025,,
HepB,10-dose,SII,2024,,
HepB,10-dose,LG Chem,2024,,
HepB,10-dose,Crucell,2024,,
HepB,10-dose,Crucell,2023,,
HepB,10-dose,SII,2022,0%,0.24
HepB,10-dose,LG Chem,2022,0%,0.25
HepB,10-dose,Crucell,2022,,
HepB,10-dose,SII,2021,0%,0.24
HepB,10-dose,LG Chem,2021,0%,0.25
HepB,10-dose,Crucell,2021,,
HepB,10-dose,SII,2020,0%,0.24
HepB,10-dose,LG Chem,2020,0%,0.25
HepB,10-dose,Crucell,2020,,
HepB,10-dose,SII,2019,20%,0.24
HepB,10-dose,LG Chem,2019,42.86%,0.25
HepB,10-dose,Crucell,2019,,
HepB,10-dose,SII,2018,0%,0.2
HepB,10-dose,LG Chem,2018,0%,0.17
HepB,10-dose,Crucell,2018,,
HepB,10-dose,SII,2017,0%,0.2
HepB,10-dose,LG Chem,2017,0%,0.17
HepB,10-dose,Crucell,2017,,
HepB,10-dose,SII,2016,,0.2
HepB,10-dose,LG Chem,2016,1.16%,0.17
HepB,10-dose,SII,2015,,
HepB,10-dose,LG Chem,2015,0%,0.17
HepB,10-dose,Crucell,2015,0%,0.16
HepB,10-dose,SII,2014,,
HepB,10-dose,LG Chem,2014,0%,0.17
HepB,10-dose,Crucell,2014,0%,0.16
HepB,10-dose,SII,2013,,
HepB,10-dose,LG Chem,2013,,0.17
HepB,10-dose,Crucell,2013,,0.16
HepB (adult),1-dose,SII,2025,,
HepB (adult),1-dose,SII,2024,,
HepB (adult),1-dose,SII,2022,0%,0.7
HepB (adult),1-dose,SII,2021,0%,0.7
HepB (adult),1-dose,SII,2020,0%,0.7
HepB (adult),1-dose,SII,2019,133.33%,0.7
HepB (adult),1-dose,SII,2018,0%,0.3
HepB (adult),1-dose,SII,2017,,0.3
HepB (adult),1-dose,SII,2016,,
HepB (adult),1-dose,SII,2015,,
HepB (adult),1-dose,SII,2014,,
HepB (adult),1-dose,SII,2013,,
HepB (adult),10-dose,SII,2025,,
HepB (adult),10-dose,SII,2024,,
HepB (adult),10-dose,SII,2022,0%,0.3
HepB (adult),10-dose,SII,2021,0%,0.3
HepB (adult),10-dose,SII,2020,0%,0.3
HepB (adult),10-dose,SII,2019,0%,0.3
HepB (adult),10-dose,SII,2018,0%,0.3
HepB (adult),10-dose,SII,2017,,0.3
HepB (adult),10-dose,SII,2016,,
HepB (adult),10-dose,SII,2015,,
HepB (adult),10-dose,SII,2014,,
HepB (adult),10-dose,SII,2013,,
HPV2,2-dose,GSK,2025,0%,5.18
HPV2,2-dose,GSK,2024,0%,5.18
HPV2,2-dose,GSK,2023,0%,5.18
HPV2,2-dose,GSK,2022,12.61%,5.18
HPV2,2-dose,GSK,2021,0%,4.6
HPV2,2-dose,GSK,2020,0%,4.6
HPV2,2-dose,GSK,2019,0%,4.6
HPV2,2-dose,GSK,2018,0%,4.6
HPV2,2-dose,GSK,2017,0%,4.6
HPV2,2-dose,GSK,2016,0%,4.6
HPV2,2-dose,GSK,2015,0%,4.6
HPV2,2-dose,GSK,2014,0%,4.6
HPV2,2-dose,GSK,2013,,4.6
HPV4,1-dose,Merck,2025,0%,4.5
HPV4,1-dose,Merck,2024,0%,4.5
HPV4,1-dose,Merck,2023,0%,4.5
HPV4,1-dose,Merck,2022,0%,4.5
HPV4,1-dose,Merck,2021,0%,4.5
HPV4,1-dose,Merck,2020,0%,4.5
HPV4,1-dose,Merck,2019,0%,4.5
HPV4,1-dose,Merck,2018,0%,4.5
HPV4,1-dose,Merck,2017,0%,4.5
HPV4,1-dose,Merck,2016,0%,4.5
HPV4,1-dose,Merck,2015,0%,4.5
HPV4,1-dose,Merck,2014,0%,4.5
HPV4,1-dose,Merck,2013,,4.5
IPV,1-dose,Bilthoven,2025,,
IPV,1-dose,Bilthoven,2024,,
IPV,1-dose,Bilthoven,2022,0%,2.8
IPV,1-dose,Bilthoven,2021,0%,2.8
IPV,1-dose,Bilthoven,2020,-20%,2.8
IPV,1-dose,Bilthoven,2019,25%,3.5
IPV,1-dose,Bilthoven,2018,0%,2.8
IPV,1-dose,Bilthoven,2017,0%,2.8
IPV,1-dose,Bilthoven,2016,0%,2.8
IPV,1-dose,Bilthoven,2015,0%,2.8
IPV,1-dose,Bilthoven,2014,-15.15%,2.8
IPV,1-dose,Bilthoven,2013,,3.3
IPV,5-dose,Shantha,2025,,
IPV,5-dose,LG Chem,2025,,
IPV,5-dose,Bilthoven,2025,,
IPV,5-dose,AJ Vaccines,2025,,
IPV,5-dose,Shantha,2024,,
IPV,5-dose,Bilthoven,2024,,
IPV,5-dose,AJ Vaccines,2024,,
IPV,5-dose,LG Chem,2023,-16.67%,1.25
IPV,5-dose,Shantha,2022,0%,2.33
IPV,5-dose,LG Chem,2022,-14.29%,1.5
IPV,5-dose,Bilthoven,2022,-19.35%,2.5
IPV,5-dose,AJ Vaccines,2022,-11.22%,2.17
IPV,5-dose,Shantha,2021,0%,2.33
IPV,5-dose,LG Chem,2021,,1.75
IPV,5-dose,Bilthoven,2021,0%,3.1
IPV,5-dose,AJ Vaccines,2021,0%,2.45
IPV,5-dose,Shantha,2020,0%,2.33
IPV,5-dose,LG Chem,2020,,
IPV,5-dose,Bilthoven,2020,5.08%,3.1
IPV,5-dose,AJ Vaccines,2020,,2.45
IPV,5-dose,Shantha,2019,114.58%,2.33
IPV,5-dose,LG Chem,2019,,
IPV,5-dose,Bilthoven,2019,55.26%,2.95
IPV,5-dose,AJ Vaccines,2019,,
IPV,5-dose,Shantha,2018,,1.08
IPV,5-dose,LG Chem,2018,,
IPV,5-dose,Bilthoven,2018,0%,1.9
IPV,5-dose,AJ Vaccines,2018,,
IPV,5-dose,Shantha,2017,,
IPV,5-dose,LG Chem,2017,,
IPV,5-dose,Bilthoven,2017,0%,1.9
IPV,5-dose,AJ Vaccines,2017,,
IPV,5-dose,Shantha,2016,,
IPV,5-dose,LG Chem,2016,,
IPV,5-dose,Bilthoven,2016,0%,1.9
IPV,5-dose,AJ Vaccines,2016,,
IPV,5-dose,Shantha,2015,,
IPV,5-dose,LG Chem,2015,,
IPV,5-dose,Bilthoven,2015,0%,1.9
IPV,5-dose,AJ Vaccines,2015,,
IPV,5-dose,Shantha,2014,,
IPV,5-dose,LG Chem,2014,,
IPV,5-dose,Bilthoven,2014,,1.9
IPV,5-dose,AJ Vaccines,2014,,
IPV,5-dose,Shantha,2013,,
IPV,5-dose,LG Chem,2013,,
IPV,5-dose,Bilthoven,2013,,
IPV,5-dose,AJ Vaccines,2013,,
IPV,10-dose,Sanofi,2025,,
IPV,10-dose,Sanofi,2023,0%,2.09
IPV,10-dose,Sanofi,2022,0%,2.09
IPV,10-dose,Sanofi,2021,0%,2.09
IPV,10-dose,Sanofi,2020,0%,2.09
IPV,10-dose,Sanofi,2019,125.72%,2.09
IPV,10-dose,Sanofi,2018,9.48%,0.93
IPV,10-dose,Sanofi,2017,1.98%,0.85
IPV,10-dose,Sanofi,2016,0.50%,0.83
IPV,10-dose,Sanofi,2015,-15.86%,0.83
IPV,10-dose,Sanofi,2014,,0.98
IPV,10-dose,Sanofi,2013,,
JE live att.,5-dose,CNBG Chengdu,2025,,
JE live att.,5-dose,CNBG Chengdu,2024,,
JE live att.,5-dose,CNBG Chengdu,2022,0%,0.45
JE live att.,5-dose,CNBG Chengdu,2021,0%,0.45
JE live att.,5-dose,CNBG Chengdu,2020,0%,0.45
JE live att.,5-dose,CNBG Chengdu,2019,9.02%,0.45
JE live att.,5-dose,CNBG Chengdu,2018,0%,0.41
JE live att.,5-dose,CNBG Chengdu,2017,0%,0.41
JE live att.,5-dose,CNBG Chengdu,2016,0%,0.41
JE live att.,5-dose,CNBG Chengdu,2015,52.59%,0.41
JE live att.,5-dose,CNBG Chengdu,2014,,0.27
JE live att.,5-dose,CNBG Chengdu,2013,,
Measles,5-dose,SII,2025,,
Measles,5-dose,SII,2023,9.66%,0.52
Measles,5-dose,SII,2022,9.68%,0.48
Measles,5-dose,SII,2021,9.60%,0.43
Measles,5-dose,SII,2020,0%,0.4
Measles,5-dose,SII,2019,0%,0.4
Measles,5-dose,SII,2018,,0.4
Measles,5-dose,SII,2017,,
Measles,5-dose,SII,2016,,
Measles,5-dose,SII,2015,,
Measles,5-dose,SII,2014,,
Measles,5-dose,SII,2013,,
Measles,10-dose,SII,2025,,
Measles,10-dose,Sanofi,2025,,
Measles,10-dose,Bio Farma,2025,,
Measles,10-dose,Sanofi,2024,,
Measles,10-dose,SII,2023,9.87%,0.42
Measles,10-dose,Sanofi,2023,,
Measles,10-dose,Bio Farma,2023,3.85%,0.27
Measles,10-dose,SII,2022,10%,0.39
Measles,10-dose,Sanofi,2022,,
Measles,10-dose,Bio Farma,2022,4%,0.26
Measles,10-dose,SII,2021,10.06%,0.35
Measles,10-dose,Sanofi,2021,,
Measles,10-dose,Bio Farma,2021,5.49%,0.25
Measles,10-dose,SII,2020,0%,0.32
Measles,10-dose,Sanofi,2020,,
Measles,10-dose,Bio Farma,2020,0%,0.24
Measles,10-dose,SII,2019,3.25%,0.32
Measles,10-dose,Sanofi,2019,,
Measles,10-dose,Bio Farma,2019,0%,0.24
Measles,10-dose,SII,2018,10.39%,0.31
Measles,10-dose,Sanofi,2018,,
Measles,10-dose,Bio Farma,2018,0%,0.24
Measles,10-dose,SII,2017,0%,0.28
Measles,10-dose,Bio Farma,2017,3.04%,0.24
Measles,10-dose,SII,2016,5.28%,0.28
Measles,10-dose,Sanofi,2016,5.26%,0.5
Measles,10-dose,Bio Farma,2016,2.22%,0.23
Measles,10-dose,SII,2015,5.16%,0.27
Measles,10-dose,Sanofi,2015,5.56%,0.47
Measles,10-dose,Bio Farma,2015,2.74%,0.23
Measles,10-dose,SII,2014,5%,0.25
Measles,10-dose,Sanofi,2014,5.88%,0.45
Measles,10-dose,Bio Farma,2014,1.86%,0.22
Measles,10-dose,SII,2013,,0.24
Measles,10-dose,Sanofi,2013,,0.42
Measles,10-dose,Bio Farma,2013,,0.21
MenA,10-dose,SII,2025,,
MenA,10-dose,SII,2024,,
MenA,10-dose,SII,2023,,
MenA,10-dose,SII,2021,-2.00%,0.59
MenA,10-dose,SII,2020,10.52%,0.6
MenA,10-dose,SII,2019,3.44%,0.54
MenA,10-dose,SII,2018,3.35%,0.52
MenA,10-dose,SII,2017,3.47%,0.51
MenA,10-dose,SII,2016,-21.10%,0.49
MenA,10-dose,SII,2015,3.50%,0.62
MenA,10-dose,SII,2014,13.64%,0.6
MenA,10-dose,SII,2013,,0.53
MenAC Ps,10-dose,Sanofi,2025,,
MenAC Ps,10-dose,Sanofi,2024,,
MenAC Ps,10-dose,Sanofi,2023,,
MenAC Ps,10-dose,Sanofi,2022,,
MenAC Ps,10-dose,Sanofi,2021,,
MenAC Ps,10-dose,Sanofi,2020,,
MenAC Ps,10-dose,Sanofi,2019,,
MenAC Ps,10-dose,Sanofi,2018,,
MenAC Ps,10-dose,Sanofi,2017,,
MenAC Ps,10-dose,Sanofi,2016,,
MenAC Ps,10-dose,Sanofi,2015,,
MenAC Ps,10-dose,Sanofi,2013,,1.22
MenACW-135 Ps,10-dose,BioM,2025,,
MenACW-135 Ps,10-dose,BioM,2024,,
MenACW-135 Ps,10-dose,BioM,2023,,
MenACW-135 Ps,10-dose,BioM,2021,0%,2.81
MenACW-135 Ps,10-dose,BioM,2020,0%,2.81
MenACW-135 Ps,10-dose,BioM,2019,-1.75%,2.81
MenACW-135 Ps,10-dose,BioM,2018,16.34%,2.86
MenACW-135 Ps,10-dose,BioM,2017,,2.46
MenACW-135 Ps,10-dose,BioM,2016,,
MenACW-135 Ps,10-dose,BioM,2014,,2.5
MenACW-135 Ps,10-dose,BioM,2013,,
MenACYW-135 Ps,1-dose,Pfizer,2025,,
MenACYW-135 Ps,1-dose,Pfizer,2024,,
MenACYW-135 Ps,1-dose,Pfizer,2023,,
MenACYW-135 Ps,1-dose,Pfizer,2022,,
MenACYW-135 Ps,1-dose,Pfizer,2020,0%,6.03
MenACYW-135 Ps,1-dose,Pfizer,2019,0%,6.03
MenACYW-135 Ps,1-dose,Pfizer,2018,,6.03
MenACYW-135 Ps,1-dose,Pfizer,2017,,
MenACYW-135 Ps,1-dose,Pfizer,2016,,
MenACYW-135 Ps,1-dose,Pfizer,2015,,
MenACYW-135 Ps,1-dose,Pfizer,2014,,
MenACYW-135 Ps,1-dose,Pfizer,2013,,
MenACYW-135 Ps,10-dose,Pfizer,2025,,
MenACYW-135 Ps,10-dose,Pfizer,2024,,
MenACYW-135 Ps,10-dose,Pfizer,2023,,
MenACYW-135 Ps,10-dose,Pfizer,2022,,
MenACYW-135 Ps,10-dose,Pfizer,2021,,
MenACYW-135 Ps,10-dose,Pfizer,2019,0%,6.03
MenACYW-135 Ps,10-dose,Pfizer,2018,,6.03
MenACYW-135 Ps,10-dose,Pfizer,2017,,
MenACYW-135 Ps,10-dose,Pfizer,2016,,
MenACYW-135 Ps,10-dose,Pfizer,2015,,
MenACYW-135 Ps,10-dose,Pfizer,2014,,
MenACYW-135 Ps,10-dose,Pfizer,2013,,
MenC,1-dose,Pfizer,2025,,
MenC,1-dose,Pfizer,2024,,
MenC,1-dose,Pfizer,2023,,
MenC,1-dose,Pfizer,2021,0%,9.12
MenC,1-dose,Pfizer,2020,0%,9.12
MenC,1-dose,Pfizer,2019,0%,9.12
MenC,1-dose,Pfizer,2018,,9.12
MenC,1-dose,Pfizer,2017,,
MenC,1-dose,Pfizer,2016,,
MenC,1-dose,Pfizer,2015,,
MenC,1-dose,Pfizer,2014,,
MenC,1-dose,Pfizer,2013,,
MMR,1-dose,SII,2025,,
MMR,1-dose,SII,2024,,
MMR,1-dose,SII,2023,,
MMR,1-dose,SII,2021,3.51%,2.95
MMR,1-dose,SII,2020,0%,2.85
MMR,1-dose,SII,2019,0%,2.85
MMR,1-dose,SII,2018,20.25%,2.85
MMR,1-dose,SII,2017,0%,2.37
MMR,1-dose,SII,2016,5.33%,2.37
MMR,1-dose,SII,2015,4.65%,2.25
MMR,1-dose,SII,2014,4.88%,2.15
MMR,1-dose,SII,2013,,2.05
MMR,2-dose,GSK,2025,,
MMR,2-dose,GSK,2023,0%,4.47
MMR,2-dose,GSK,2022,0%,4.47
MMR,2-dose,GSK,2021,0%,4.47
MMR,2-dose,GSK,2020,0%,4.47
MMR,2-dose,GSK,2019,0%,4.47
MMR,2-dose,GSK,2018,37.54%,4.47
MMR,2-dose,GSK,2017,0%,3.25
MMR,2-dose,GSK,2016,0%,3.25
MMR,2-dose,GSK,2015,0%,3.25
MMR,2-dose,GSK,2014,0%,3.25
MMR,2-dose,GSK,2013,,3.25
MMR,5-dose,SII,2025,,
MMR,5-dose,SII,2024,,
MMR,5-dose,SII,2023,,
MMR,5-dose,SII,2021,1.38%,1.47
MMR,5-dose,SII,2020,0%,1.45
MMR,5-dose,SII,2019,0%,1.45
MMR,5-dose,SII,2018,26.53%,1.45
MMR,5-dose,SII,2017,0%,1.15
MMR,5-dose,SII,2016,5.14%,1.15
MMR,5-dose,SII,2015,4.81%,1.09
MMR,5-dose,SII,2014,5.05%,1.04
MMR,5-dose,SII,2013,,0.99
MMR,10-dose,SII,2025,,
MMR,10-dose,Sanofi,2025,,
MMR,10-dose,SII,2024,,
MMR,10-dose,Sanofi,2024,,
MMR,10-dose,SII,2023,,
MMR,10-dose,Sanofi,2023,,
MMR,10-dose,Sanofi,2022,,
MMR,10-dose,SII,2021,9.81%,1.41
MMR,10-dose,Sanofi,2021,,
MMR,10-dose,SII,2020,0%,1.28
MMR,10-dose,Sanofi,2020,,
MMR,10-dose,SII,2019,3.30%,1.28
MMR,10-dose,Sanofi,2019,,
MMR,10-dose,SII,2018,10%,1.24
MMR,10-dose,Sanofi,2018,,
MMR,10-dose,SII,2017,0%,1.13
MMR,10-dose,Sanofi,2017,,
MMR,10-dose,SII,2016,4.92%,1.13
MMR,10-dose,SII,2015,5.07%,1.08
MMR,10-dose,Sanofi,2015,5.03%,1.99
MMR,10-dose,SII,2014,5.02%,1.02
MMR,10-dose,Sanofi,2014,5.00%,1.89
MMR,10-dose,SII,2013,,0.98
MMR,10-dose,Sanofi,2013,,1.8
mOPV1,20-dose,Haffkine,2025,,
mOPV1,20-dose,Bio Farma,2025,,
mOPV1,20-dose,Haffkine,2024,,
mOPV1,20-dose,Bio Farma,2024,,
mOPV1,20-dose,Haffkine,2023,,
mOPV1,20-dose,Bio Farma,2023,,
mOPV1,20-dose,Haffkine,2022,,
mOPV1,20-dose,Bio Farma,2022,,
mOPV1,20-dose,Haffkine,2021,,
mOPV1,20-dose,Bio Farma,2021,,
mOPV1,20-dose,Haffkine,2019,,0.11
mOPV1,20-dose,Bio Farma,2019,0%,0.12
mOPV1,20-dose,Haffkine,2018,,
mOPV1,20-dose,Bio Farma,2018,,0.12
mOPV1,20-dose,Haffkine,2017,,
mOPV1,20-dose,Bio Farma,2017,,
mOPV1,20-dose,Haffkine,2016,,
mOPV1,20-dose,Bio Farma,2016,,
mOPV1,20-dose,Haffkine,2015,,
mOPV1,20-dose,Bio Farma,2015,,
mOPV1,20-dose,Haffkine,2014,,
mOPV1,20-dose,Bio Farma,2014,,
mOPV1,20-dose,Haffkine,2013,,
mOPV1,20-dose,Bio Farma,2013,,
MR,5-dose,SII,2025,,
MR,5-dose,Biological E,2025,,
MR,5-dose,SII,2023,9.88%,1.09
MR,5-dose,Biological E,2023,0%,0.92
MR,5-dose,SII,2022,9.98%,0.99
MR,5-dose,Biological E,2022,,0.92
MR,5-dose,SII,2021,10%,0.9
MR,5-dose,Biological E,2021,,
MR,5-dose,SII,2020,0%,0.82
MR,5-dose,Biological E,2020,,
MR,5-dose,SII,2019,0%,0.82
MR,5-dose,Biological E,2019,,
MR,5-dose,SII,2018,,0.82
MR,5-dose,Biological E,2018,,
MR,5-dose,SII,2017,,
MR,5-dose,Biological E,2017,,
MR,5-dose,SII,2016,,
MR,5-dose,Biological E,2016,,
MR,5-dose,SII,2015,,
MR,5-dose,Biological E,2015,,
MR,5-dose,SII,2014,,
MR,5-dose,Biological E,2014,,
MR,5-dose,SII,2013,,
MR,5-dose,Biological E,2013,,
MR,10-dose,SII,2025,,
MR,10-dose,Biological E,2025,,
MR,10-dose,SII,2023,10.09%,0.87
MR,10-dose,Biological E,2023,10%,0.79
MR,10-dose,SII,2022,9.99%,0.79
MR,10-dose,Biological E,2022,,0.72
MR,10-dose,SII,2021,9.91%,0.72
MR,10-dose,SII,2020,0%,0.66
MR,10-dose,Biological E,2020,,0.58
MR,10-dose,SII,2019,3.14%,0.66
MR,10-dose,Biological E,2019,,
MR,10-dose,SII,2018,4.95%,0.64
MR,10-dose,Biological E,2018,,
MR,10-dose,SII,2017,0%,0.61
MR,10-dose,Biological E,2017,,
MR,10-dose,SII,2016,4.84%,0.61
MR,10-dose,Biological E,2016,,
MR,10-dose,SII,2015,5.09%,0.58
MR,10-dose,Biological E,2015,,
MR,10-dose,SII,2014,4.96%,0.55
MR,10-dose,Biological E,2014,,
MR,10-dose,SII,2013,,0.52
MR,10-dose,Biological E,2013,,
OCV,1-dose,Shantha,2025,,
OCV,1-dose,EuBiologics,2025,,
OCV,1-dose,Shantha,2024,,
OCV,1-dose,EuBiologics,2024,,
OCV,1-dose,Shantha,2023,,
OCV,1-dose,EuBiologics,2023,,
OCV,1-dose,Shantha,2021,9.09%,3
OCV,1-dose,EuBiologics,2021,2.27%,1.35
OCV,1-dose,Shantha,2020,10%,2.75
OCV,1-dose,EuBiologics,2020,2.33%,1.32
OCV,1-dose,Shantha,2019,35.14%,2.5
OCV,1-dose,EuBiologics,2019,3.20%,1.29
OCV,1-dose,Shantha,2018,,1.85
OCV,1-dose,EuBiologics,2018,-3.85%,1.25
OCV,1-dose,Shantha,2017,,
OCV,1-dose,EuBiologics,2017,-23.53%,1.3
OCV,1-dose,Shantha,2016,,
OCV,1-dose,EuBiologics,2016,,1.7
OCV,1-dose,Shantha,2015,,
OCV,1-dose,EuBiologics,2015,,
OCV,1-dose,Shantha,2014,,
OCV,1-dose,EuBiologics,2014,,
OCV,1-dose,Shantha,2013,,
OCV,1-dose,EuBiologics,2013,,
PCV10,1-dose,SII,2025,,
PCV10,1-dose,SII,2024,,
PCV10,1-dose,SII,2022,0%,2.9
PCV10,1-dose,SII,2021,0%,2.9
PCV10,1-dose,SII,2020,,2.9
PCV10,1-dose,SII,2019,,
PCV10,1-dose,SII,2018,,
PCV10,1-dose,SII,2017,,
PCV10,1-dose,SII,2016,,
PCV10,1-dose,SII,2015,,
PCV10,1-dose,SII,2014,,
PCV10,1-dose,SII,2013,,
PCV10,2-dose,GSK,2025,,
PCV10,2-dose,GSK,2024,,
PCV10,2-dose,GSK,2023,,
PCV10,2-dose,GSK,2021,0%,3.05
PCV10,2-dose,GSK,2020,0%,3.05
PCV10,2-dose,GSK,2019,0%,3.05
PCV10,2-dose,GSK,2018,-39.30%,3.05
PCV10,2-dose,GSK,2017,8.53%,5.03
PCV10,2-dose,GSK,2016,0%,4.63
PCV10,2-dose,GSK,2015,0%,4.63
PCV10,2-dose,GSK,2014,0%,4.63
PCV10,2-dose,GSK,2013,,4.63
PCV10,4-dose,GSK,2025,,
PCV10,4-dose,GSK,2024,,
PCV10,4-dose,GSK,2022,0%,3.05
PCV10,4-dose,GSK,2021,0%,3.05
PCV10,4-dose,GSK,2020,0%,3.05
PCV10,4-dose,GSK,2019,0%,3.05
PCV10,4-dose,GSK,2018,,3.05
PCV10,4-dose,GSK,2017,,
PCV10,4-dose,GSK,2016,,
PCV10,4-dose,GSK,2015,,
PCV10,4-dose,GSK,2014,,
PCV10,4-dose,GSK,2013,,
PCV10,5-dose,SII,2025,,
PCV10,5-dose,SII,2024,,
PCV10,5-dose,SII,2022,0%,3.45
PCV10,5-dose,SII,2021,0%,3.45
PCV10,5-dose,SII,2020,,3.45
PCV10,5-dose,SII,2019,,
PCV10,5-dose,SII,2018,,
PCV10,5-dose,SII,2017,,
PCV10,5-dose,SII,2016,,
PCV10,5-dose,SII,2015,,
PCV10,5-dose,SII,2014,,
PCV10,5-dose,SII,2013,,
PCV13,1-dose,Pfizer,2025,,
PCV13,1-dose,Pfizer,2024,,
PCV13,1-dose,Pfizer,2022,0%,3.3
PCV13,1-dose,Pfizer,2021,0%,3.3
PCV13,1-dose,Pfizer,2020,0%,3.3
PCV13,1-dose,Pfizer,2019,0%,3.3
PCV13,1-dose,Pfizer,2018,0%,3.3
PCV13,1-dose,Pfizer,2017,-35.92%,3.3
PCV13,1-dose,Pfizer,2016,0%,5.15
PCV13,1-dose,Pfizer,2015,0%,5.15
PCV13,1-dose,Pfizer,2014,11.23%,5.15
PCV13,1-dose,Pfizer,2013,,4.63
PCV13,4-dose,Pfizer,2025,,
PCV13,4-dose,Pfizer,2024,,
PCV13,4-dose,Pfizer,2022,0%,2.9
PCV13,4-dose,Pfizer,2021,0%,2.9
PCV13,4-dose,Pfizer,2020,0%,2.9
PCV13,4-dose,Pfizer,2019,-1.69%,2.9
PCV13,4-dose,Pfizer,2018,-3.28%,2.95
PCV13,4-dose,Pfizer,2017,,3.05
PCV13,4-dose,Pfizer,2016,,
PCV13,4-dose,Pfizer,2015,,
PCV13,4-dose,Pfizer,2014,,
PCV13,4-dose,Pfizer,2013,,
Rabies,1-dose,SII,2025,,
Rabies,1-dose,SII,2024,,
Rabies,1-dose,SII,2022,0%,9
Rabies,1-dose,SII,2021,12.50%,9
Rabies,1-dose,SII,2020,6.67%,8
Rabies,1-dose,SII,2019,,7.5
Rabies,1-dose,SII,2018,,
Rabies,1-dose,SII,2016,0%,8
Rabies,1-dose,SII,2015,0%,8
Rabies,1-dose,SII,2014,,8
Rabies,1-dose,SII,2013,,
Rota,1-dose,SII,2025,0%,1.05
Rota,1-dose,Merck,2025,,
Rota,1-dose,GSK,2025,,
Rota,1-dose,BBIL,2025,0%,1.35
Rota,1-dose,SII,2024,10.53%,1.05
Rota,1-dose,Merck,2024,,
Rota,1-dose,GSK,2024,,
Rota,1-dose,BBIL,2024,0%,1.35
Rota,1-dose,SII,2023,0%,0.95
Rota,1-dose,Merck,2023,,
Rota,1-dose,GSK,2023,,
Rota,1-dose,BBIL,2023,0%,1.35
Rota,1-dose,SII,2022,,0.95
Rota,1-dose,Merck,2022,,
Rota,1-dose,BBIL,2022,,1.35
Rota,1-dose,SII,2021,,
Rota,1-dose,Merck,2021,,
Rota,1-dose,GSK,2021,0%,2.35
Rota,1-dose,BBIL,2021,,
Rota,1-dose,SII,2020,,
Rota,1-dose,GSK,2020,11.37%,2.35
Rota,1-dose,BBIL,2020,,
Rota,1-dose,SII,2019,,
Rota,1-dose,Merck,2019,0%,3.2
Rota,1-dose,GSK,2019,-4.95%,2.11
Rota,1-dose,BBIL,2019,,
Rota,1-dose,SII,2018,,
Rota,1-dose,Merck,2018,0%,3.2
Rota,1-dose,GSK,2018,-5.53%,2.22
Rota,1-dose,BBIL,2018,,
Rota,1-dose,SII,2017,,
Rota,1-dose,Merck,2017,-8.57%,3.2
Rota,1-dose,GSK,2017,0%,2.35
Rota,1-dose,BBIL,2017,,
Rota,1-dose,SII,2016,,
Rota,1-dose,Merck,2016,-17.65%,3.5
Rota,1-dose,GSK,2016,0%,2.35
Rota,1-dose,BBIL,2016,,
Rota,1-dose,SII,2015,,
Rota,1-dose,Merck,2015,0%,4.25
Rota,1-dose,GSK,2015,0%,2.35
Rota,1-dose,BBIL,2015,,
Rota,1-dose,SII,2014,,
Rota,1-dose,Merck,2014,0%,4.25
Rota,1-dose,GSK,2014,0%,2.35
Rota,1-dose,BBIL,2014,,
Rota,1-dose,SII,2013,,
Rota,1-dose,Merck,2013,,4.25
Rota,1-dose,GSK,2013,,2.35
Rota,1-dose,BBIL,2013,,
Rota,2-dose,SII,2025,0%,0.8
Rota,2-dose,SII,2024,0%,0.8
Rota,2-dose,SII,2023,0%,0.8
Rota,2-dose,SII,2022,-15.79%,0.8
Rota,2-dose,SII,2021,0%,0.95
Rota,2-dose,SII,2020,0%,0.95
Rota,2-dose,SII,2019,,0.95
Rota,2-dose,SII,2018,,
Rota,2-dose,SII,2017,,
Rota,2-dose,SII,2016,,
Rota,2-dose,SII,2015,,
Rota,2-dose,SII,2014,,
Rota,2-dose,SII,2013,,
Rota,5-dose,BBIL,2025,-17.65%,0.7
Rota,5-dose,BBIL,2024,0%,0.85
Rota,5-dose,BBIL,2023,0%,0.85
Rota,5-dose,BBIL,2022,0%,0.85
Rota,5-dose,BBIL,2021,0%,0.85
Rota,5-dose,BBIL,2020,0%,0.85
Rota,5-dose,BBIL,2019,-10.53%,0.85
Rota,5-dose,BBIL,2018,,0.95
Rota,5-dose,BBIL,2017,,
Rota,5-dose,BBIL,2016,,
Rota,5-dose,BBIL,2015,,
Rota,5-dose,BBIL,2014,,
Rota,5-dose,BBIL,2013,,
Rota,10-dose,BBIL,2025,-16.67%,0.5
Rota,10-dose,BBIL,2024,0%,0.6
Rota,10-dose,BBIL,2023,0%,0.6
Rota,10-dose,BBIL,2022,,0.6
Rota,10-dose,BBIL,2021,,
Rota,10-dose,BBIL,2020,,
Rota,10-dose,BBIL,2019,,
Rota,10-dose,BBIL,2018,,
Rota,10-dose,BBIL,2017,,
Rota,10-dose,BBIL,2016,,
Rota,10-dose,BBIL,2015,,
Rota,10-dose,BBIL,2014,,
Rota,10-dose,BBIL,2013,,
TCV,5-dose,Biological E,2024,0%,0.95
TCV,5-dose,BBIL,2024,0%,1.5
TCV,5-dose,Biological E,2023,0%,0.95
TCV,5-dose,BBIL,2023,0%,1.5
TCV,5-dose,Biological E,2022,,0.95
TCV,5-dose,BBIL,2022,0%,1.5
TCV,5-dose,Biological E,2021,,
TCV,5-dose,BBIL,2021,0%,1.5
TCV,5-dose,Biological E,2020,,
TCV,5-dose,BBIL,2020,0%,1.5
TCV,5-dose,Biological E,2019,,
TCV,5-dose,BBIL,2019,0%,1.5
TCV,5-dose,Biological E,2018,,
TCV,5-dose,BBIL,2018,,1.5
TCV,5-dose,Biological E,2017,,
TCV,5-dose,BBIL,2017,,
TCV,5-dose,Biological E,2016,,
TCV,5-dose,BBIL,2016,,
TCV,5-dose,Biological E,2015,,
TCV,5-dose,BBIL,2015,,
TCV,5-dose,Biological E,2014,,
TCV,5-dose,BBIL,2014,,
TCV,5-dose,Biological E,2013,,
TCV,5-dose,BBIL,2013,,
Td,10-dose,SII,2025,,
Td,10-dose,InterVax,2025,,
Td,10-dose,BioE,2025,,
Td,10-dose,Bio Farma,2025,,
Td,10-dose,BB-NCIPD,2025,,
Td,10-dose,SII,2024,,
Td,10-dose,InterVax,2024,,
Td,10-dose,BioE,2024,,
Td,10-dose,Bio Farma,2024,,
Td,10-dose,BB-NCIPD,2024,,
Td,10-dose,SII,2023,,
Td,10-dose,InterVax,2023,,
Td,10-dose,BioE,2023,,
Td,10-dose,Bio Farma,2023,,
Td,10-dose,BB-NCIPD,2023,,
Td,10-dose,InterVax,2022,,
Td,10-dose,SII,2021,0%,0.11
Td,10-dose,InterVax,2021,,
Td,10-dose,BioE,2021,0%,0.11
Td,10-dose,Bio Farma,2021,2.86%,0.09
Td,10-dose,BB-NCIPD,2021,3.01%,0.14
Td,10-dose,SII,2020,0%,0.11
Td,10-dose,InterVax,2020,,
Td,10-dose,BioE,2020,0%,0.11
Td,10-dose,Bio Farma,2020,2.94%,0.09
Td,10-dose,BB-NCIPD,2020,3.02%,0.13
Td,10-dose,SII,2019,-14.73%,0.11
Td,10-dose,BioE,2019,13.64%,0.11
Td,10-dose,Bio Farma,2019,-26.09%,0.09
Td,10-dose,BB-NCIPD,2019,,0.13
Td,10-dose,SII,2018,0%,0.13
Td,10-dose,InterVax,2018,-14.57%,0.13
Td,10-dose,BioE,2018,0%,0.1
Td,10-dose,Bio Farma,2018,0%,0.12
Td,10-dose,BB-NCIPD,2018,,
Td,10-dose,SII,2017,0%,0.13
Td,10-dose,InterVax,2017,0%,0.15
Td,10-dose,BioE,2017,0%,0.1
Td,10-dose,Bio Farma,2017,4.55%,0.12
Td,10-dose,BB-NCIPD,2017,,
Td,10-dose,SII,2016,17.27%,0.13
Td,10-dose,InterVax,2016,25.83%,0.15
Td,10-dose,BioE,2016,,0.1
Td,10-dose,Bio Farma,2016,4.76%,0.11
Td,10-dose,BB-NCIPD,2016,,
Td,10-dose,SII,2015,0%,0.11
Td,10-dose,InterVax,2015,2.56%,0.12
Td,10-dose,BioE,2015,,
Td,10-dose,Bio Farma,2015,5.00%,0.1
Td,10-dose,BB-NCIPD,2015,,
Td,10-dose,SII,2014,4.76%,0.11
Td,10-dose,InterVax,2014,3.54%,0.12
Td,10-dose,BioE,2014,,
Td,10-dose,Bio Farma,2014,0%,0.1
Td,10-dose,BB-NCIPD,2014,,
Td,10-dose,SII,2013,,0.1
Td,10-dose,InterVax,2013,,0.11
Td,10-dose,BioE,2013,,
Td,10-dose,Bio Farma,2013,,0.1
Td,10-dose,BB-NCIPD,2013,,
Td,20-dose,SII,2025,,
Td,20-dose,BioE,2025,,
Td,20-dose,BB-NCIPD,2025,,
Td,20-dose,SII,2024,,
Td,20-dose,BioE,2024,,
Td,20-dose,BB-NCIPD,2024,,
Td,20-dose,SII,2023,,
Td,20-dose,BioE,2023,,
Td,20-dose,BB-NCIPD,2023,,
Td,20-dose,SII,2021,0%,0.1
Td,20-dose,BioE,2021,0%,0.1
Td,20-dose,BB-NCIPD,2021,0%,0.09
Td,20-dose,SII,2020,5.26%,0.1
Td,20-dose,BioE,2020,,0.1
Td,20-dose,BB-NCIPD,2020,,0.09
Td,20-dose,SII,2019,,0.1
Td,20-dose,BioE,2019,,
Td,20-dose,BB-NCIPD,2019,,
Td,20-dose,SII,2018,,
Td,20-dose,BioE,2018,,
Td,20-dose,BB-NCIPD,2018,,
Td,20-dose,SII,2017,,
Td,20-dose,BioE,2017,,
Td,20-dose,BB-NCIPD,2017,,
Td,20-dose,SII,2016,,
Td,20-dose,BioE,2016,,
Td,20-dose,BB-NCIPD,2016,,
Td,20-dose,SII,2015,,
Td,20-dose,BioE,2015,,
Td,20-dose,BB-NCIPD,2015,,
Td,20-dose,SII,2014,,
Td,20-dose,BioE,2014,,
Td,20-dose,BB-NCIPD,2014,,
Td,20-dose,SII,2013,,
Td,20-dose,BioE,2013,,
Td,20-dose,BB-NCIPD,2013,,
tOPV,10-dose,Sanofi,2025,,
tOPV,10-dose,GSK,2025,,
tOPV,10-dose,Sanofi,2024,,
tOPV,10-dose,GSK,2024,,
tOPV,10-dose,Sanofi,2023,,
tOPV,10-dose,GSK,2023,,
tOPV,10-dose,Sanofi,2022,,
tOPV,10-dose,GSK,2022,,
tOPV,10-dose,Sanofi,2021,,
tOPV,10-dose,GSK,2021,,
tOPV,10-dose,Sanofi,2020,,
tOPV,10-dose,GSK,2020,,
tOPV,10-dose,Sanofi,2019,,
tOPV,10-dose,GSK,2019,,
tOPV,10-dose,Sanofi,2018,,
tOPV,10-dose,GSK,2018,,
tOPV,10-dose,Sanofi,2017,,
tOPV,10-dose,GSK,2017,,
tOPV,10-dose,Sanofi,2015,0%,0.2
tOPV,10-dose,GSK,2015,0%,0.18
tOPV,10-dose,Sanofi,2014,0%,0.2
tOPV,10-dose,GSK,2014,0%,0.18
tOPV,10-dose,Sanofi,2013,,0.2
tOPV,10-dose,GSK,2013,,0.18
tOPV,20-dose,SII,2025,,
tOPV,20-dose,Sanofi,2025,,
tOPV,20-dose,Haffkine,2025,,
tOPV,20-dose,GSK,2025,,
tOPV,20-dose,Bio Farma,2025,,
tOPV,20-dose,BBIL,2025,,
tOPV,20-dose,SII,2024,,
tOPV,20-dose,Sanofi,2024,,
tOPV,20-dose,Haffkine,2024,,
tOPV,20-dose,GSK,2024,,
tOPV,20-dose,Bio Farma,2024,,
tOPV,20-dose,BBIL,2024,,
tOPV,20-dose,SII,2023,,
tOPV,20-dose,Sanofi,2023,,
tOPV,20-dose,Haffkine,2023,,
tOPV,20-dose,GSK,2023,,
tOPV,20-dose,Bio Farma,2023,,
tOPV,20-dose,BBIL,2023,,
tOPV,20-dose,SII,2022,,
tOPV,20-dose,Sanofi,2022,,
tOPV,20-dose,Haffkine,2022,,
tOPV,20-dose,GSK,2022,,
tOPV,20-dose,Bio Farma,2022,,
tOPV,20-dose,BBIL,2022,,
tOPV,20-dose,SII,2021,,
tOPV,20-dose,Sanofi,2021,,
tOPV,20-dose,Haffkine,2021,,
tOPV,20-dose,GSK,2021,,
tOPV,20-dose,Bio Farma,2021,,
tOPV,20-dose,BBIL,2021,,
tOPV,20-dose,SII,2020,,
tOPV,20-dose,Sanofi,2020,,
tOPV,20-dose,Haffkine,2020,,
tOPV,20-dose,GSK,2020,,
tOPV,20-dose,Bio Farma,2020,,
tOPV,20-dose,BBIL,2020,,
tOPV,20-dose,SII,2019,,
tOPV,20-dose,Sanofi,2019,,
tOPV,20-dose,Haffkine,2019,,
tOPV,20-dose,GSK,2019,,
tOPV,20-dose,Bio Farma,2019,,
tOPV,20-dose,BBIL,2019,,
tOPV,20-dose,SII,2018,,
tOPV,20-dose,Sanofi,2018,,
tOPV,20-dose,Haffkine,2018,,
tOPV,20-dose,GSK,2018,,
tOPV,20-dose,Bio Farma,2018,,
tOPV,20-dose,BBIL,2018,,
tOPV,20-dose,Haffkine,2017,,
tOPV,20-dose,SII,2016,0%,0.14
tOPV,20-dose,Sanofi,2016,0%,0.14
tOPV,20-dose,GSK,2016,0%,0.14
tOPV,20-dose,Bio Farma,2016,0%,0.12
tOPV,20-dose,BBIL,2016,0%,0.13
tOPV,20-dose,SII,2015,0%,0.14
tOPV,20-dose,Sanofi,2015,0%,0.14
tOPV,20-dose,Haffkine,2015,0%,0.13
tOPV,20-dose,GSK,2015,0%,0.14
tOPV,20-dose,Bio Farma,2015,0%,0.12
tOPV,20-dose,BBIL,2015,,0.13
tOPV,20-dose,SII,2014,0%,0.14
tOPV,20-dose,Sanofi,2014,0%,0.14
tOPV,20-dose,Haffkine,2014,-7.02%,0.13
tOPV,20-dose,GSK,2014,0%,0.14
tOPV,20-dose,Bio Farma,2014,0%,0.12
tOPV,20-dose,BBIL,2014,,
tOPV,20-dose,SII,2013,,0.14
tOPV,20-dose,Sanofi,2013,,0.14
tOPV,20-dose,Haffkine,2013,,0.14
tOPV,20-dose,GSK,2013,,0.14
tOPV,20-dose,Bio Farma,2013,,0.12
tOPV,20-dose,BBIL,2013,,
TT,10-dose,SII,2025,,
TT,10-dose,Shantha,2025,,
TT,10-dose,InterVax,2025,,
TT,10-dose,BioE,2025,,
TT,10-dose,Bio Farma,2025,,
TT,10-dose,SII,2024,,
TT,10-dose,Shantha,2024,,
TT,10-dose,InterVax,2024,,
TT,10-dose,BioE,2024,,
TT,10-dose,Bio Farma,2024,,
TT,10-dose,SII,2023,,
TT,10-dose,Shantha,2023,,
TT,10-dose,InterVax,2023,,
TT,10-dose,BioE,2023,,
TT,10-dose,Bio Farma,2023,,
TT,10-dose,SII,2022,,
TT,10-dose,Shantha,2022,,
TT,10-dose,InterVax,2022,,
TT,10-dose,BioE,2022,,
TT,10-dose,Bio Farma,2022,,
TT,10-dose,SII,2021,,
TT,10-dose,Shantha,2021,,
TT,10-dose,InterVax,2021,,
TT,10-dose,BioE,2021,,
TT,10-dose,Bio Farma,2021,,
TT,10-dose,SII,2020,,
TT,10-dose,Shantha,2020,,
TT,10-dose,InterVax,2020,,
TT,10-dose,BioE,2019,32.95%,0.11
TT,10-dose,Bio Farma,2019,-18.18%,0.09
TT,10-dose,SII,2018,0%,0.13
TT,10-dose,Shantha,2018,0%,0.11
TT,10-dose,InterVax,2018,0%,0.12
TT,10-dose,BioE,2018,0%,0.08
TT,10-dose,Bio Farma,2018,0%,0.11
TT,10-dose,SII,2017,0%,0.13
TT,10-dose,Shantha,2017,10.42%,0.11
TT,10-dose,InterVax,2017,6.98%,0.12
TT,10-dose,BioE,2017,0%,0.08
TT,10-dose,Bio Farma,2017,4.76%,0.11
TT,10-dose,SII,2016,61.25%,0.13
TT,10-dose,Shantha,2016,20%,0.1
TT,10-dose,InterVax,2016,13.16%,0.11
TT,10-dose,BioE,2016,13.14%,0.08
TT,10-dose,Bio Farma,2016,5.00%,0.1
TT,10-dose,SII,2015,3.90%,0.08
TT,10-dose,Shantha,2015,0%,0.08
TT,10-dose,InterVax,2015,2.70%,0.1
TT,10-dose,BioE,2015,0%,0.07
TT,10-dose,Bio Farma,2015,5.26%,0.1
TT,10-dose,SII,2014,2.67%,0.08
TT,10-dose,Shantha,2014,0%,0.08
TT,10-dose,InterVax,2014,3.35%,0.09
TT,10-dose,BioE,2014,0%,0.07
TT,10-dose,Bio Farma,2014,0%,0.1
TT,10-dose,SII,2013,,0.07
TT,10-dose,Shantha,2013,,0.08
TT,10-dose,InterVax,2013,,0.09
TT,10-dose,BioE,2013,,0.07
TT,10-dose,Bio Farma,2013,,0.1
TT,20-dose,SII,2025,,
TT,20-dose,InterVax,2025,,
TT,20-dose,BioE,2025,,
TT,20-dose,BB-NCIPD,2025,,
TT,20-dose,SII,2024,,
TT,20-dose,InterVax,2024,,
TT,20-dose,BioE,2024,,
TT,20-dose,BB-NCIPD,2024,,
TT,20-dose,SII,2023,,
TT,20-dose,InterVax,2023,,
TT,20-dose,BioE,2023,,
TT,20-dose,BB-NCIPD,2023,,
TT,20-dose,SII,2022,,
TT,20-dose,InterVax,2022,,
TT,20-dose,BioE,2022,,
TT,20-dose,BB-NCIPD,2022,,
TT,20-dose,SII,2021,,
TT,20-dose,InterVax,2021,,
TT,20-dose,BioE,2021,,
TT,20-dose,BB-NCIPD,2021,,
TT,20-dose,SII,2020,,
TT,20-dose,InterVax,2020,,
TT,20-dose,BioE,2019,35.59%,0.07
TT,20-dose,BB-NCIPD,2019,,0.07
TT,20-dose,SII,2018,0%,0.09
TT,20-dose,InterVax,2018,0%,0.07
TT,20-dose,BioE,2018,0%,0.05
TT,20-dose,BB-NCIPD,2018,,
TT,20-dose,SII,2017,0%,0.09
TT,20-dose,InterVax,2017,7.67%,0.07
TT,20-dose,BioE,2017,0%,0.05
TT,20-dose,BB-NCIPD,2017,,
TT,20-dose,SII,2016,61.90%,0.09
TT,20-dose,InterVax,2016,0.49%,0.06
TT,20-dose,BioE,2016,6.20%,0.05
TT,20-dose,BB-NCIPD,2016,,
TT,20-dose,SII,2015,0%,0.05
TT,20-dose,InterVax,2015,2.87%,0.06
TT,20-dose,BioE,2015,0%,0.05
TT,20-dose,BB-NCIPD,2015,,
TT,20-dose,SII,2014,0%,0.05
TT,20-dose,InterVax,2014,2.24%,0.06
TT,20-dose,BioE,2014,0%,0.05
TT,20-dose,BB-NCIPD,2014,,
TT,20-dose,SII,2013,,0.05
TT,20-dose,InterVax,2013,,0.06
TT,20-dose,BioE,2013,,0.05
TT,20-dose,BB-NCIPD,2013,,
YF,5-dose,Chumakov,2025,,
YF,5-dose,BioM,2025,,
YF,5-dose,Chumakov,2024,,
YF,5-dose,BioM,2024,,
YF,5-dose,Chumakov,2023,,
YF,5-dose,BioM,2023,,
YF,5-dose,BioM,2022,,
YF,5-dose,Chumakov,2021,0%,0.97
YF,5-dose,BioM,2021,,
YF,5-dose,Chumakov,2020,0%,0.97
YF,5-dose,BioM,2020,,
YF,5-dose,Chumakov,2019,0%,0.97
YF,5-dose,BioM,2019,,
YF,5-dose,Chumakov,2018,10.23%,0.97
YF,5-dose,Chumakov,2017,4.76%,0.88
YF,5-dose,BioM,2017,2.63%,1.17
YF,5-dose,Chumakov,2016,0%,0.84
YF,5-dose,BioM,2016,,1.14
YF,5-dose,Chumakov,2015,0%,0.84
YF,5-dose,BioM,2015,,
YF,5-dose,Chumakov,2014,0%,0.84
YF,5-dose,BioM,2014,,
YF,5-dose,Chumakov,2013,,0.84
YF,5-dose,BioM,2013,,
YF,10-dose,Sanofi,2025,,
YF,10-dose,Chumakov,2025,,
YF,10-dose,BioM,2025,,
YF,10-dose,Sanofi,2024,,
YF,10-dose,Chumakov,2024,,
YF,10-dose,BioM,2024,,
YF,10-dose,Sanofi,2023,,
YF,10-dose,Chumakov,2023,,
YF,10-dose,BioM,2023,,
YF,10-dose,Sanofi,2021,10.23%,1.44
YF,10-dose,Chumakov,2021,0%,0.97
YF,10-dose,BioM,2021,8.47%,1.28
YF,10-dose,Sanofi,2020,0%,1.31
YF,10-dose,Chumakov,2020,0%,0.97
YF,10-dose,BioM,2020,0%,1.18
YF,10-dose,Sanofi,2019,4.97%,1.31
YF,10-dose,Chumakov,2019,0%,0.97
YF,10-dose,BioM,2019,,1.18
YF,10-dose,Sanofi,2018,4.96%,1.25
YF,10-dose,Chumakov,2018,10.23%,0.97
YF,10-dose,Sanofi,2017,0%,1.19
YF,10-dose,Chumakov,2017,4.76%,0.88
YF,10-dose,BioM,2017,2.86%,1.08
YF,10-dose,Sanofi,2016,5.04%,1.19
YF,10-dose,Chumakov,2016,0%,0.84
YF,10-dose,BioM,2016,1.94%,1.05
YF,10-dose,Sanofi,2015,0%,1.13
YF,10-dose,Chumakov,2015,0%,0.84
YF,10-dose,BioM,2015,,1.03
YF,10-dose,Sanofi,2014,0.18%,1.13
YF,10-dose,Chumakov,2014,,0.84
YF,10-dose,Sanofi,2013,,1.13
YF,10-dose,Chumakov,2013,,
YF,10-dose,BioM,2013,,0.85
YF,20-dose,Sanofi,2025,,
YF,20-dose,Sanofi,2024,,
YF,20-dose,Sanofi,2023,,
YF,20-dose,Sanofi,2022,,
YF,20-dose,Sanofi,2020,-0.06%,0.89
YF,20-dose,Sanofi,2019,,0.89
YF,20-dose,Sanofi,2017,10.01%,0.85
YF,20-dose,Sanofi,2016,0%,0.77
YF,20-dose,Sanofi,2015,10.01%,0.77
YF,20-dose,Sanofi,2014,-0.14%,0.7
YF,20-dose,Sanofi,2013,,0.7
Hib,1-dose,Sanofi,2021,0%,2.15
