Vaccine ,Company ,Brand Name,Vial Size,Presentation ,Year,% Difference in Avg. Price Color,Avg. Price
Td (adult),Akorn,Tenivac,1-dose,Vial,2021,,
Td (adult),Akorn,,1-dose,Vial,2021,,
DTaP,GSK,Infanrix,1-dose,Vial,2020,0.65%,18.670
DTaP,GSK,Infanrix,1-dose,Syringe,2020,2.42%,19.000
DTaP,Sanofi,Daptacel,1-dose,Vial,2020,2.41%,18.390
DTaP,GSK,Infanrix,1-dose,Vial,2019,2.69%,18.550
DTaP,GSK,Infanrix,1-dose,Syringe,2019,2.69%,18.550
DTaP,Sanofi,Daptacel,1-dose,Vial,2019,2.68%,17.960
DTaP,GSK,Infanrix,1-dose,Vial,2018,4.19%,18.060
DTaP,GSK,Infanrix,1-dose,Syringe,2018,4.19%,18.060
DTaP,Sanofi,Daptacel,1-dose,Vial,2018,3.05%,17.490
DTaP,GSK,Infanrix,1-dose,Vial,2017,3.62%,17.340
DTaP,GSK,Infanrix,1-dose,Syringe,2017,3.62%,17.340
DTaP,Sanofi,Daptacel,1-dose,Vial,2017,2.13%,16.970
DTaP,GSK,Infanrix,1-dose,Vial,2016,4.45%,16.730
DTaP,GSK,Infanrix,1-dose,Syringe,2016,4.45%,16.730
DTaP,Sanofi,Daptacel,1-dose,Vial,2016,5.03%,16.610
DTaP,GSK,Infanrix,1-dose,Vial,2015,1.36%,16.020
DTaP,GSK,Infanrix,1-dose,Syringe,2015,1.36%,16.020
DTaP,Sanofi,Daptacel,1-dose,Vial,2015,2.86%,15.820
DTaP,GSK,Infanrix,1-dose,Vial,2014,0.52%,15.810
DTaP,GSK,Infanrix,1-dose,Syringe,2014,0.52%,15.810
DTaP,Sanofi,Daptacel,1-dose,Vial,2014,0.55%,15.380
DTaP,GSK,Infanrix,1-dose,Vial,2013,,15.720
DTaP,GSK,Infanrix,1-dose,Syringe,2013,,15.720
DTaP,Sanofi,Daptacel,1-dose,Vial,2013,,15.300
Seasonal Influenza - QIV,AstraZen.,FluMist Quad.,1-dose,Sprayer,2021,0%,18.880
Seasonal Influenza (adult) - QIV,AstraZen.,FluMist Quad.,1-dose,Sprayer,2021,-8.32%,16.450
DTaP-HepB-Hib-IPV,Merck,Vaxelis,1-dose,Vial,2020,,
DTaP-HepB-Hib-IPV,Merck,Vaxelis,1-dose,Syringe,2020,,
DTaP-HepB-Hib-IPV,Merck,Vaxelis,1-dose,Vial,2019,,
DTaP-HepB-Hib-IPV,Merck,Vaxelis,1-dose,Syringe,2019,,
DTaP-HepB-Hib-IPV,Merck,Vaxelis,1-dose,Vial,2018,,
DTaP-HepB-Hib-IPV,Merck,Vaxelis,1-dose,Syringe,2018,,
DTaP-HepB-Hib-IPV,Merck,Vaxelis,1-dose,Vial,2017,,
DTaP-HepB-Hib-IPV,Merck,Vaxelis,1-dose,Syringe,2017,,
DTaP-HepB-Hib-IPV,Merck,Vaxelis,1-dose,Vial,2016,,
DTaP-HepB-Hib-IPV,Merck,Vaxelis,1-dose,Syringe,2016,,
DTaP-HepB-Hib-IPV,Merck,Vaxelis,1-dose,Vial,2015,,
DTaP-HepB-Hib-IPV,Merck,Vaxelis,1-dose,Syringe,2015,,
DTaP-HepB-Hib-IPV,Merck,Vaxelis,1-dose,Vial,2014,,
DTaP-HepB-Hib-IPV,Merck,Vaxelis,1-dose,Syringe,2014,,
DTaP-HepB-Hib-IPV,Merck,Vaxelis,1-dose,Vial,2013,,
DTaP-HepB-Hib-IPV,Merck,Vaxelis,1-dose,Syringe,2013,,
HepB (adult),Dynavax,Heplisav-B,1-dose,Syringe,2021,4.29%,73.890
DTaP-HepB-IPV,GSK,Pediarix,1-dose,Syringe,2020,2.34%,60.160
DTaP-HepB-IPV,GSK,Pediarix,1-dose,Syringe,2019,2.14%,58.780
DTaP-HepB-IPV,GSK,Pediarix,1-dose,Syringe,2018,3.23%,57.550
DTaP-HepB-IPV,GSK,Pediarix,1-dose,Syringe,2017,1.87%,55.750
DTaP-HepB-IPV,GSK,Pediarix,1-dose,Syringe,2016,1.61%,54.730
DTaP-HepB-IPV,GSK,Pediarix,1-dose,Syringe,2015,0.80%,53.860
DTaP-HepB-IPV,GSK,Pediarix,1-dose,Syringe,2014,1.83%,53.430
DTaP-HepB-IPV,GSK,Pediarix,1-dose,Syringe,2013,,52.470
Td,Grifols,TDVAX,1-dose,Vial,2021,1.34%,16.460
DTaP-Hib-IPV,Sanofi,Pentacel,1-dose,Vial,2020,2.97%,60.910
DTaP-Hib-IPV,Sanofi,Pentacel,1-dose,Vial,2019,2.16%,59.150
DTaP-Hib-IPV,Sanofi,Pentacel,1-dose,Vial,2018,1.90%,57.900
DTaP-Hib-IPV,Sanofi,Pentacel,1-dose,Vial,2017,0.58%,56.810
DTaP-Hib-IPV,Sanofi,Pentacel,1-dose,Vial,2016,5.13%,56.490
DTaP-Hib-IPV,Sanofi,Pentacel,1-dose,Vial,2015,0.19%,53.730
DTaP-Hib-IPV,Sanofi,Pentacel,1-dose,Vial,2014,-3.69%,53.630
DTaP-Hib-IPV,Sanofi,Pentacel,1-dose,Vial,2013,,55.680
Td,Grifols,,1-dose,Vial,2021,,
Td (adult),Grifols,TDVAX,1-dose,Vial,2021,1.56%,16.360
Td (adult),Grifols,,1-dose,Vial,2021,,
DTaP-IPV,GSK,Kinrix,1-dose,Vial,2020,1.85%,42.080
DTaP-IPV,GSK,Kinrix,1-dose,Syringe,2020,2.55%,42.080
DTaP-IPV,Sanofi,Quadracel,1-dose,Vial,2020,2.54%,41.420
DTaP-IPV,GSK,Kinrix,1-dose,Vial,2019,3.03%,41.310
DTaP-IPV,GSK,Kinrix,1-dose,Syringe,2019,2.31%,41.030
DTaP-IPV,Sanofi,Quadracel,1-dose,Vial,2019,2.08%,40.390
DTaP-IPV,GSK,Kinrix,1-dose,Vial,2018,1.32%,40.090
DTaP-IPV,GSK,Kinrix,1-dose,Syringe,2018,1.35%,40.100
DTaP-IPV,Sanofi,Quadracel,1-dose,Vial,2018,0%,39.570
DTaP-IPV,GSK,Kinrix,1-dose,Vial,2017,0.45%,39.570
DTaP-IPV,GSK,Kinrix,1-dose,Syringe,2017,0.45%,39.570
DTaP-IPV,Sanofi,Quadracel,1-dose,Vial,2017,,39.570
DTaP-IPV,GSK,Kinrix,1-dose,Vial,2016,2.32%,39.390
DTaP-IPV,GSK,Kinrix,1-dose,Syringe,2016,2.32%,39.390
DTaP-IPV,Sanofi,Quadracel,1-dose,Vial,2016,,
DTaP-IPV,GSK,Kinrix,1-dose,Vial,2015,1.20%,38.500
DTaP-IPV,GSK,Kinrix,1-dose,Syringe,2015,1.20%,38.500
DTaP-IPV,Sanofi,Quadracel,1-dose,Vial,2015,,
DTaP-IPV,GSK,Kinrix,1-dose,Vial,2014,3.47%,38.040
DTaP-IPV,GSK,Kinrix,1-dose,Syringe,2014,3.47%,38.040
DTaP-IPV,Sanofi,Quadracel,1-dose,Vial,2014,,
DTaP-IPV,GSK,Kinrix,1-dose,Vial,2013,,36.770
DTaP-IPV,GSK,Kinrix,1-dose,Syringe,2013,,36.770
DTaP-IPV,Sanofi,Quadracel,1-dose,Vial,2013,,
DTaP,GSK,Infanrix,1-dose,Syringe,2021,2.84%,19.540
DTaP-HepB-IPV,GSK,Pediarix,1-dose,Syringe,2021,2.57%,61.700
DTaP-IPV,GSK,Kinrix,1-dose,Vial,2021,0.91%,42.460
DTaP-IPV,GSK,Kinrix,1-dose,Syringe,2021,2.47%,43.120
HepA,GSK,Havrix,1-dose,Vial,2020,,
HepA,GSK,Havrix,1-dose,Syringe,2020,3.11%,20.920
HepA,Merck,Vaqta,1-dose,Syringe,2020,3.71%,20.290
HepA,GSK,Havrix,1-dose,Syringe,2019,4.92%,20.290
HepA,Merck,Vaqta,1-dose,Vial,2019,0.77%,19.290
HepA,Merck,Vaqta,1-dose,Syringe,2019,1.44%,19.570
HepA,GSK,Havrix,1-dose,Vial,2018,5.34%,19.280
HepA,GSK,Havrix,1-dose,Syringe,2018,5.64%,19.330
HepA,Merck,Vaqta,1-dose,Vial,2018,3.37%,19.140
HepA,Merck,Vaqta,1-dose,Syringe,2018,5.81%,19.290
HepA,GSK,Havrix,1-dose,Vial,2017,3.44%,18.300
HepA,GSK,Havrix,1-dose,Syringe,2017,3.44%,18.300
HepA,Merck,Vaqta,1-dose,Vial,2017,2.36%,18.520
HepA,Merck,Vaqta,1-dose,Syringe,2017,0.76%,18.230
HepA,GSK,Havrix,1-dose,Vial,2016,5.80%,17.690
HepA,GSK,Havrix,1-dose,Syringe,2016,5.80%,17.690
HepA,Merck,Vaqta,1-dose,Vial,2016,6.48%,18.090
HepA,Merck,Vaqta,1-dose,Syringe,2016,6.48%,18.090
HepA,GSK,Havrix,1-dose,Vial,2015,4.67%,16.720
HepA,GSK,Havrix,1-dose,Syringe,2015,4.67%,16.720
HepA,Merck,Vaqta,1-dose,Vial,2015,7.10%,16.990
HepA,Merck,Vaqta,1-dose,Syringe,2015,5.44%,16.990
HepA,GSK,Havrix,1-dose,Vial,2014,3.45%,15.980
HepA,GSK,Havrix,1-dose,Syringe,2014,3.45%,15.980
HepA,Merck,Vaqta,1-dose,Vial,2014,4.79%,15.860
HepA,Merck,Vaqta,1-dose,Syringe,2014,1.41%,16.110
HepA,GSK,Havrix,1-dose,Vial,2013,,15.440
HepA,GSK,Havrix,1-dose,Syringe,2013,,15.440
HepA,Merck,Vaqta,1-dose,Vial,2013,,15.140
HepA,Merck,Vaqta,1-dose,Syringe,2013,,15.890
HepA,GSK,Havrix,1-dose,Vial,2021,,
HepA,GSK,Havrix,1-dose,Syringe,2021,2.57%,21.450
HepA (adult),GSK,Havrix,1-dose,Vial,2021,,
HepA (adult),GSK,Havrix,1-dose,Syringe,2021,7.67%,34.540
HepA (adult),GSK,Havrix,1-dose,Vial,2020,,
HepA (adult),GSK,Havrix,1-dose,Syringe,2020,8.66%,32.080
HepA (adult),Merck,Vaqta,1-dose,Vial,2020,6.99%,31.460
HepA (adult),Merck,Vaqta,1-dose,Syringe,2020,3.49%,31.460
HepA (adult),GSK,Havrix,1-dose,Syringe,2019,5.60%,29.520
HepA (adult),Merck,Vaqta,1-dose,Vial,2019,5.41%,29.400
HepA (adult),Merck,Vaqta,1-dose,Syringe,2019,1.79%,30.400
HepA (adult),GSK,Havrix,1-dose,Vial,2018,1.38E-16,25.730
HepA (adult),GSK,Havrix,1-dose,Syringe,2018,0.99%,27.950
HepA (adult),Merck,Vaqta,1-dose,Vial,2018,3.71%,27.890
HepA (adult),Merck,Vaqta,1-dose,Syringe,2018,3.52%,29.860
HepA (adult),GSK,Havrix,1-dose,Vial,2017,-2.76E-16,25.730
HepA (adult),GSK,Havrix,1-dose,Syringe,2017,0%,27.680
HepA (adult),Merck,Vaqta,1-dose,Vial,2017,4.53%,26.900
HepA (adult),Merck,Vaqta,1-dose,Syringe,2017,7.58%,28.850
HepA (adult),GSK,Havrix,1-dose,Vial,2016,2.76E-16,25.730
HepA (adult),GSK,Havrix,1-dose,Syringe,2016,4.07%,27.680
HepA (adult),Merck,Vaqta,1-dose,Vial,2016,2.76E-16,25.730
HepA (adult),Merck,Vaqta,1-dose,Syringe,2016,4.21%,26.810
HepA (adult),GSK,Havrix,1-dose,Vial,2015,1.93%,25.730
HepA (adult),GSK,Havrix,1-dose,Syringe,2015,5.36%,26.600
HepA (adult),Merck,Vaqta,1-dose,Vial,2015,10.41%,25.730
HepA (adult),Merck,Vaqta,1-dose,Syringe,2015,5.81%,25.730
HepA (adult),GSK,Havrix,1-dose,Vial,2014,9.25%,25.240
HepA (adult),GSK,Havrix,1-dose,Syringe,2014,9.25%,25.240
HepA (adult),Merck,Vaqta,1-dose,Vial,2014,3.68%,23.300
HepA (adult),Merck,Vaqta,1-dose,Syringe,2014,0.26%,24.320
HepA (adult),GSK,Havrix,1-dose,Vial,2013,,23.110
HepA (adult),GSK,Havrix,1-dose,Syringe,2013,,23.110
HepA (adult),Merck,Vaqta,1-dose,Vial,2013,,22.480
HepA (adult),Merck,Vaqta,1-dose,Syringe,2013,,24.250
HepA+B,GSK,Twinrix,1-dose,Vial,2021,,
HepA+B,GSK,Twinrix,1-dose,Syringe,2021,3.23%,64.310
HepA+B,GSK,Twinrix,1-dose,Vial,2020,,
HepA+B,GSK,Twinrix,1-dose,Syringe,2020,3.99%,62.300
HepA+B,GSK,Twinrix,1-dose,Vial,2019,,
HepA+B,GSK,Twinrix,1-dose,Syringe,2019,2.98%,59.910
HepA+B,GSK,Twinrix,1-dose,Vial,2018,,
HepA+B,GSK,Twinrix,1-dose,Syringe,2018,3.43%,58.180
HepA+B,GSK,Twinrix,1-dose,Syringe,2017,2.21%,56.250
HepA+B,GSK,Twinrix,1-dose,Vial,2016,2.13%,54.410
HepA+B,GSK,Twinrix,1-dose,Syringe,2016,3.30%,55.030
HepA+B,GSK,Twinrix,1-dose,Vial,2015,3.02%,53.270
HepA+B,GSK,Twinrix,1-dose,Syringe,2015,3.90%,53.270
HepA+B,GSK,Twinrix,1-dose,Vial,2014,2.56%,51.710
HepA+B,GSK,Twinrix,1-dose,Syringe,2014,1.69%,51.270
HepA+B,GSK,Twinrix,1-dose,Vial,2013,,50.420
HepA+B,GSK,Twinrix,1-dose,Syringe,2013,,50.420
HepA+B (adult),GSK,Twinrix,1-dose,Vial,2021,,
HepA+B (adult),GSK,Twinrix,1-dose,Syringe,2021,1.56%,62.880
HepA+B (adult),GSK,Twinrix,1-dose,Vial,2020,,
HepA+B (adult),GSK,Twinrix,1-dose,Syringe,2020,4.40%,61.920
HepA+B (adult),GSK,Twinrix,1-dose,Vial,2019,,
HepA+B (adult),GSK,Twinrix,1-dose,Syringe,2019,5.36%,59.310
HepA+B (adult),GSK,Twinrix,1-dose,Vial,2018,,
HepA+B (adult),GSK,Twinrix,1-dose,Syringe,2018,2.21%,56.290
HepA+B (adult),GSK,Twinrix,1-dose,Syringe,2017,1.09%,55.070
HepA+B (adult),GSK,Twinrix,1-dose,Vial,2016,2.92%,53.880
HepA+B (adult),GSK,Twinrix,1-dose,Syringe,2016,2.99%,54.480
HepA+B (adult),GSK,Twinrix,1-dose,Vial,2015,4.46%,52.350
HepA+B (adult),GSK,Twinrix,1-dose,Syringe,2015,4.41%,52.900
HepA+B (adult),GSK,Twinrix,1-dose,Vial,2014,5.43%,50.110
HepA+B (adult),GSK,Twinrix,1-dose,Syringe,2014,6.10%,50.670
HepA+B (adult),GSK,Twinrix,1-dose,Vial,2013,,47.530
HepA+B (adult),GSK,Twinrix,1-dose,Syringe,2013,,47.750
HepB,GSK,Engerix-B,1-dose,Vial,2021,,
HepB,GSK,Engerix-B,1-dose,Syringe,2021,-1.73%,15.540
HepB (adult),GSK,Engerix-B,1-dose,Vial,2021,-0.60%,29.450
HepB,GSK,Engerix-B,1-dose,Vial,2020,,
HepB,GSK,Engerix-B,1-dose,Syringe,2020,1.90%,15.820
HepB,Merck,Recombivax HB,1-dose,Vial,2020,1.25%,12.450
HepB,Merck,Recombivax HB,1-dose,Syringe,2020,2.89E-16,12.300
HepB,GSK,Engerix-B,1-dose,Vial,2019,,
HepB,GSK,Engerix-B,1-dose,Syringe,2019,14.49%,15.520
HepB,Merck,Recombivax HB,1-dose,Vial,2019,0%,12.300
HepB,Merck,Recombivax HB,1-dose,Syringe,2019,-1.44E-16,12.300
HepB,GSK,Engerix-B,1-dose,Syringe,2018,13.09%,13.560
HepB,Merck,Recombivax HB,1-dose,Vial,2018,0%,12.300
HepB,Merck,Recombivax HB,1-dose,Syringe,2018,0%,12.300
HepB,GSK,Engerix-B,1-dose,Vial,2017,0.75%,11.600
HepB,GSK,Engerix-B,1-dose,Syringe,2017,4.13%,11.990
HepB,Merck,Recombivax HB,1-dose,Vial,2017,0.75%,12.300
HepB,Merck,Recombivax HB,1-dose,Syringe,2017,0.75%,12.300
HepB,GSK,Engerix-B,1-dose,Vial,2016,3.91%,11.510
HepB,GSK,Engerix-B,1-dose,Syringe,2016,3.91%,11.510
HepB,Merck,Recombivax HB,1-dose,Vial,2016,6.16%,12.210
HepB,Merck,Recombivax HB,1-dose,Syringe,2016,3.90%,12.210
HepB,GSK,Engerix-B,1-dose,Vial,2015,0.45%,11.080
HepB,GSK,Engerix-B,1-dose,Syringe,2015,0.45%,11.080
HepB,Merck,Recombivax HB,1-dose,Vial,2015,4.55%,11.500
HepB,Merck,Recombivax HB,1-dose,Syringe,2015,0%,11.750
HepB,GSK,Engerix-B,1-dose,Vial,2014,1.33%,11.030
HepB,GSK,Engerix-B,1-dose,Syringe,2014,1.33%,11.030
HepB,Merck,Recombivax HB,1-dose,Vial,2014,0.51%,11.000
HepB,Merck,Recombivax HB,1-dose,Syringe,2014,0.48%,11.750
HepB,GSK,Engerix-B,1-dose,Vial,2013,,10.890
HepB,GSK,Engerix-B,1-dose,Syringe,2013,,10.890
HepB,Merck,Recombivax HB,1-dose,Vial,2013,,10.940
HepB,Merck,Recombivax HB,1-dose,Syringe,2013,,11.690
HepB (adult),GSK,Engerix-B,1-dose,Syringe,2021,-8.39%,29.450
Hib,GSK,Hiberix,1-dose,Vial,2021,0.95%,9.550
Hib-MenC,GSK,MenHibrix,1-dose,Vial,2021,,
HPV2,GSK,Cervarix,1-dose,Syringe,2021,,
HPV2 (adult),GSK,Cervarix,1-dose,Syringe,2021,,
HepB (adult),Dynavax,Heplisav-B,1-dose,Syringe,2020,1.58%,70.850
HepB (adult),GSK,Engerix-B,1-dose,Vial,2020,3.84%,29.630
HepB (adult),GSK,Engerix-B,1-dose,Syringe,2020,-0.04%,32.150
HepB (adult),Merck,Recombivax HB,1-dose,Vial,2020,,25.430
HepB (adult),Merck,Recombivax HB,1-dose,Syringe,2020,,
HepB (adult),Dynavax,Heplisav-B,1-dose,Syringe,2019,0%,69.750
HepB (adult),GSK,Engerix-B,1-dose,Vial,2019,7.09%,28.540
HepB (adult),GSK,Engerix-B,1-dose,Syringe,2019,7.10%,32.160
HepB (adult),Merck,Recombivax HB,1-dose,Vial,2019,,
HepB (adult),Merck,Recombivax HB,1-dose,Syringe,2019,,
HepB (adult),Dynavax,Heplisav-B,1-dose,Syringe,2018,,69.750
HepB (adult),GSK,Engerix-B,1-dose,Vial,2018,4.19%,26.650
HepB (adult),GSK,Engerix-B,1-dose,Syringe,2018,4.17%,30.030
HepB (adult),Dynavax,Heplisav-B,1-dose,Syringe,2017,,
HepB (adult),GSK,Engerix-B,1-dose,Vial,2017,3.09%,25.580
HepB (adult),GSK,Engerix-B,1-dose,Syringe,2017,2.27%,28.830
HepB (adult),Merck,Recombivax HB,1-dose,Vial,2017,4.48E-16,23.780
HepB (adult),Merck,Recombivax HB,1-dose,Syringe,2017,5.27%,27.730
HepB (adult),Dynavax,Heplisav-B,1-dose,Syringe,2016,,
HepB (adult),GSK,Engerix-B,1-dose,Vial,2016,2.13%,24.810
HepB (adult),GSK,Engerix-B,1-dose,Syringe,2016,1.64%,28.190
HepB (adult),Merck,Recombivax HB,1-dose,Vial,2016,-7.64%,23.780
HepB (adult),Merck,Recombivax HB,1-dose,Syringe,2016,9.03%,26.340
HepB (adult),Dynavax,Heplisav-B,1-dose,Syringe,2015,,
HepB (adult),GSK,Engerix-B,1-dose,Vial,2015,-2.32%,24.290
HepB (adult),GSK,Engerix-B,1-dose,Syringe,2015,1.91%,27.730
HepB (adult),Merck,Recombivax HB,1-dose,Vial,2015,3.69%,25.750
HepB (adult),Merck,Recombivax HB,1-dose,Syringe,2015,-9.73%,24.160
HepB (adult),Dynavax,Heplisav-B,1-dose,Syringe,2014,,
HepB (adult),GSK,Engerix-B,1-dose,Vial,2014,0.88%,24.870
HepB (adult),GSK,Engerix-B,1-dose,Syringe,2014,2.57%,27.210
HepB (adult),Merck,Recombivax HB,1-dose,Vial,2014,2.44%,24.830
HepB (adult),Merck,Recombivax HB,1-dose,Syringe,2014,2.95%,26.770
HepB (adult),Dynavax,Heplisav-B,1-dose,Syringe,2013,,
HepB (adult),GSK,Engerix-B,1-dose,Vial,2013,,24.650
HepB (adult),GSK,Engerix-B,1-dose,Syringe,2013,,26.530
HepB (adult),Merck,Recombivax HB,1-dose,Vial,2013,,24.240
HepB (adult),Merck,Recombivax HB,1-dose,Syringe,2013,,26.000
MenACYW-135,GSK,Menveo,1-dose,Vial,2021,9.75%,97.890
HepB-Hib,Merck,Comvax,1-dose,Vial,2020,,
HepB-Hib,Merck,Comvax,1-dose,Vial,2019,,
HepB-Hib,Merck,Comvax,1-dose,Vial,2018,,
HepB-Hib,Merck,Comvax,1-dose,Vial,2017,,
HepB-Hib,Merck,Comvax,1-dose,Vial,2016,,
HepB-Hib,Merck,Comvax,1-dose,Vial,2014,20.33%,30.200
HepB-Hib,Merck,Comvax,1-dose,Vial,2013,,25.100
MenACYW-135 (adult),GSK,Menveo,1-dose,Vial,2021,2.99%,70.500
MenB,GSK,Bexsero,1-dose,Syringe,2021,7.35%,124.890
MenB (adult),GSK,Bexsero,1-dose,Syringe,2021,3.78%,108.890
Hib,GSK,Hiberix,1-dose,Vial,2020,-0.50%,9.460
Hib,Merck,PedvaxHIB,1-dose,Vial,2020,1.77%,13.410
Hib,Sanofi,ActHIB,1-dose,Vial,2020,2.53%,9.660
Hib,GSK,Hiberix,1-dose,Vial,2019,-0.94%,9.510
Hib,Merck,PedvaxHIB,1-dose,Vial,2019,1.32%,13.180
Hib,Sanofi,ActHIB,1-dose,Vial,2019,1.11%,9.420
Hib,GSK,Hiberix,1-dose,Vial,2018,1.46%,9.600
Hib,Merck,PedvaxHIB,1-dose,Vial,2018,2.81%,13.010
Hib,Sanofi,ActHIB,1-dose,Vial,2018,-2.44%,9.320
Hib,GSK,Hiberix,1-dose,Vial,2017,0%,9.460
Hib,Merck,PedvaxHIB,1-dose,Vial,2017,1.57%,12.650
Hib,Sanofi,ActHIB,1-dose,Vial,2017,0.13%,9.550
Hib,GSK,Hiberix,1-dose,Vial,2016,,9.460
Hib,Merck,PedvaxHIB,1-dose,Vial,2016,0.95%,12.460
Hib,Sanofi,ActHIB,1-dose,Vial,2016,1.25%,9.540
Hib,GSK,Hiberix,1-dose,Vial,2015,,
Hib,Merck,PedvaxHIB,1-dose,Vial,2015,0.43%,12.340
Hib,Sanofi,ActHIB,1-dose,Vial,2015,0.75%,9.420
Hib,GSK,Hiberix,1-dose,Vial,2014,,
Hib,Merck,PedvaxHIB,1-dose,Vial,2014,1.26%,12.290
Hib,Sanofi,ActHIB,1-dose,Vial,2014,0.53%,9.350
Hib,GSK,Hiberix,1-dose,Vial,2013,,
Hib,Merck,PedvaxHIB,1-dose,Vial,2013,,12.130
Hib,Sanofi,ActHIB,1-dose,Vial,2013,,9.300
Rota,GSK,Rotarix,1-dose,Vial,2021,2.09%,98.580
Hib-MenC,GSK,MenHibrix,1-dose,Vial,2020,,
Hib-MenC,GSK,MenHibrix,1-dose,Vial,2019,,
Hib-MenC,GSK,MenHibrix,1-dose,Vial,2017,0.73%,10.530
Hib-MenC,GSK,MenHibrix,1-dose,Vial,2016,3.51%,10.450
Hib-MenC,GSK,MenHibrix,1-dose,Vial,2015,0%,10.100
Hib-MenC,GSK,MenHibrix,1-dose,Vial,2014,0%,10.100
Hib-MenC,GSK,MenHibrix,1-dose,Vial,2013,,10.100
Seasonal Influenza,GSK,Fluarix,1-dose,Syringe,2021,,
HPV2,GSK,Cervarix,1-dose,Syringe,2020,,
HPV2,GSK,Cervarix,1-dose,Syringe,2019,,
HPV2,GSK,Cervarix,1-dose,Syringe,2018,,
HPV2,GSK,Cervarix,1-dose,Syringe,2016,1.29%,107.970
HPV2,GSK,Cervarix,1-dose,Syringe,2015,3.64%,106.600
HPV2,GSK,Cervarix,1-dose,Syringe,2014,3.07%,102.850
HPV2,GSK,Cervarix,1-dose,Syringe,2013,,99.790
Seasonal Influenza - QIV,GSK,FluLaval Quad.,1-dose,Syringe,2021,2.84%,14.080
HPV2 (adult),GSK,Cervarix,1-dose,Syringe,2020,,
HPV2 (adult),GSK,Cervarix,1-dose,Syringe,2019,,
HPV2 (adult),GSK,Cervarix,1-dose,Syringe,2018,,
HPV2 (adult),GSK,Cervarix,1-dose,Syringe,2016,-0.52%,85.790
HPV2 (adult),GSK,Cervarix,1-dose,Syringe,2015,-1.37%,86.240
HPV2 (adult),GSK,Cervarix,1-dose,Syringe,2014,4.98%,87.440
HPV2 (adult),GSK,Cervarix,1-dose,Syringe,2013,,83.290
Seasonal Influenza - QIV,GSK,Fluarix Quad.,1-dose,Syringe,2021,2.84%,14.080
HPV4,Merck,Gardasil,1-dose,Vial,2020,,
HPV4,Merck,Gardasil,1-dose,Vial,2019,,
HPV4,Merck,Gardasil,1-dose,Vial,2018,,
HPV4,Merck,Gardasil,1-dose,Vial,2016,-4.21%,113.540
HPV4,Merck,Gardasil,1-dose,Vial,2015,1.83%,118.530
HPV4,Merck,Gardasil,1-dose,Vial,2014,5.44%,116.410
HPV4,Merck,Gardasil,1-dose,Vial,2013,,110.390
Seasonal Influenza (adult),GSK,FluLaval,10-dose,Vial,2021,,
HPV4 (adult),Merck,Gardasil,1-dose,Vial,2020,,
HPV4 (adult),Merck,Gardasil,1-dose,Vial,2019,,
HPV4 (adult),Merck,Gardasil,1-dose,Vial,2018,,
HPV4 (adult),Merck,Gardasil,1-dose,Vial,2016,0.99%,92.840
HPV4 (adult),Merck,Gardasil,1-dose,Vial,2015,1.39%,91.930
HPV4 (adult),Merck,Gardasil,1-dose,Vial,2014,0.29%,90.670
HPV4 (adult),Merck,Gardasil,1-dose,Vial,2013,,90.400
Seasonal Influenza (adult),GSK,Fluarix,1-dose,Syringe,2021,,
Seasonal Influenza (adult) - QIV,GSK,FluLaval Quad.,1-dose,Syringe,2021,3.58%,12.840
HPV9,Merck,Gardasil 9,1-dose,Vial,2020,,
HPV9,Merck,Gardasil 9,1-dose,Syringe,2020,5.55%,184.050
HPV9,Merck,Gardasil 9,1-dose,Syringe,2019,3.73%,174.370
HPV9,Merck,Gardasil 9,1-dose,Vial,2018,16.62%,160.610
HPV9,Merck,Gardasil 9,1-dose,Syringe,2018,,168.100
HPV9,Merck,Gardasil 9,1-dose,Vial,2017,-0.28%,137.720
HPV9,Merck,Gardasil 9,1-dose,Syringe,2017,,
HPV9,Merck,Gardasil 9,1-dose,Vial,2016,2.86%,138.100
HPV9,Merck,Gardasil 9,1-dose,Syringe,2016,,
HPV9,Merck,Gardasil 9,1-dose,Vial,2015,,134.260
HPV9,Merck,Gardasil 9,1-dose,Syringe,2015,,
HPV9,Merck,Gardasil 9,1-dose,Vial,2014,,
HPV9,Merck,Gardasil 9,1-dose,Syringe,2014,,
HPV9,Merck,Gardasil 9,1-dose,Vial,2013,,
HPV9,Merck,Gardasil 9,1-dose,Syringe,2013,,
Seasonal Influenza (adult) - QIV,GSK,Fluarix Quad.,1-dose,Syringe,2021,3.58%,12.840
Shingles,GSK,Shingrix,1-dose,Vial,2021,-1.50%,100.560
HPV9 (adult),Merck,Gardasil 9,1-dose,Vial,2020,,
HPV9 (adult),Merck,Gardasil 9,1-dose,Syringe,2020,-2.76%,140.590
HPV9 (adult),Merck,Gardasil 9,1-dose,Syringe,2019,0.28%,144.580
HPV9 (adult),Merck,Gardasil 9,1-dose,Vial,2018,2.58%,119.210
HPV9 (adult),Merck,Gardasil 9,1-dose,Syringe,2018,,144.180
HPV9 (adult),Merck,Gardasil 9,1-dose,Vial,2017,-2.37%,116.220
HPV9 (adult),Merck,Gardasil 9,1-dose,Syringe,2017,,
HPV9 (adult),Merck,Gardasil 9,1-dose,Vial,2016,-2.14%,119.040
HPV9 (adult),Merck,Gardasil 9,1-dose,Syringe,2016,,
HPV9 (adult),Merck,Gardasil 9,1-dose,Vial,2015,,121.640
HPV9 (adult),Merck,Gardasil 9,1-dose,Syringe,2015,,
HPV9 (adult),Merck,Gardasil 9,1-dose,Vial,2014,,
HPV9 (adult),Merck,Gardasil 9,1-dose,Syringe,2014,,
HPV9 (adult),Merck,Gardasil 9,1-dose,Vial,2013,,
HPV9 (adult),Merck,Gardasil 9,1-dose,Syringe,2013,,
Tdap,GSK,Boostrix,1-dose,Vial,2021,2.48%,33.660
IPV,Sanofi,IPOL,10-dose,Vial,2020,1.95%,13.750
IPV,Sanofi,IPOL,10-dose,Vial,2019,1.95%,13.490
IPV,Sanofi,IPOL,10-dose,Vial,2018,2.57%,13.230
IPV,Sanofi,IPOL,10-dose,Vial,2017,1.58%,12.900
IPV,Sanofi,IPOL,10-dose,Vial,2016,1.25%,12.700
IPV,Sanofi,IPOL,10-dose,Vial,2015,0.75%,12.540
IPV,Sanofi,IPOL,10-dose,Vial,2014,0.54%,12.450
IPV,Sanofi,IPOL,10-dose,Vial,2013,,12.380
Tdap,GSK,Boostrix,1-dose,Syringe,2021,2.48%,33.660
Tdap (adult),GSK,Boostrix,1-dose,Vial,2021,2.57%,25.440
Tdap (adult),GSK,Boostrix,1-dose,Syringe,2021,1.94%,25.610
Seasonal Influenza,MedImm.,FluMist,1-dose,Sprayer,2021,,
MenACYW-135,GSK,Menveo,1-dose,Vial,2020,8.07%,89.190
MenACYW-135,Novartis,Menveo,1-dose,Vial,2020,,
MenACYW-135,Sanofi,MenQuadfi,1-dose,Vial,2020,,
MenACYW-135,Sanofi,Menactra,1-dose,Vial,2020,2.43%,95.300
MenACYW-135,GSK,Menveo,1-dose,Vial,2019,3.30%,82.530
MenACYW-135,Novartis,Menveo,1-dose,Vial,2019,,
MenACYW-135,Sanofi,MenQuadfi,1-dose,Vial,2019,,
MenACYW-135,Sanofi,Menactra,1-dose,Vial,2019,2.14%,93.040
MenACYW-135,GSK,Menveo,1-dose,Vial,2018,9.38%,79.890
MenACYW-135,Novartis,Menveo,1-dose,Vial,2018,,
MenACYW-135,Sanofi,MenQuadfi,1-dose,Vial,2018,,
MenACYW-135,Sanofi,Menactra,1-dose,Vial,2018,6.40%,91.090
MenACYW-135,GSK,Menveo,1-dose,Vial,2017,-5.67%,73.040
MenACYW-135,Novartis,Menveo,1-dose,Vial,2017,,
MenACYW-135,Sanofi,MenQuadfi,1-dose,Vial,2017,,
MenACYW-135,Sanofi,Menactra,1-dose,Vial,2017,-3.23%,85.610
MenACYW-135,GSK,Menveo,1-dose,Vial,2016,-7.88%,77.430
MenACYW-135,Sanofi,MenQuadfi,1-dose,Vial,2016,,
MenACYW-135,Sanofi,Menactra,1-dose,Vial,2016,5.13%,88.460
MenACYW-135,GSK,Menveo,1-dose,Vial,2015,,84.060
MenACYW-135,Novartis,Menveo,1-dose,Vial,2015,1.01%,83.100
MenACYW-135,Sanofi,MenQuadfi,1-dose,Vial,2015,,
MenACYW-135,Sanofi,Menactra,1-dose,Vial,2015,2.47%,84.140
MenACYW-135,GSK,Menveo,1-dose,Vial,2014,,
MenACYW-135,Novartis,Menveo,1-dose,Vial,2014,-0.48%,82.260
MenACYW-135,Sanofi,MenQuadfi,1-dose,Vial,2014,,
MenACYW-135,Sanofi,Menactra,1-dose,Vial,2014,0%,82.120
MenACYW-135,GSK,Menveo,1-dose,Vial,2013,,
MenACYW-135,Novartis,Menveo,1-dose,Vial,2013,,82.660
MenACYW-135,Sanofi,MenQuadfi,1-dose,Vial,2013,,
MenACYW-135,Sanofi,Menactra,1-dose,Vial,2013,,82.120
Seasonal Influenza - QIV,MedImm.,FluMist Quad.,1-dose,Sprayer,2021,,
DTaP-HepB-Hib-IPV,Merck,Vaxelis,1-dose,Vial,2021,,91.590
DTaP-HepB-Hib-IPV,Merck,Vaxelis,1-dose,Syringe,2021,,91.590
MenACYW-135 (adult),GSK,Menveo,1-dose,Vial,2020,2.53%,68.450
MenACYW-135 (adult),Novartis,Menveo,1-dose,Vial,2020,,
MenACYW-135 (adult),Sanofi,Menactra,1-dose,Vial,2020,0.10%,75.140
MenACYW-135 (adult),GSK,Menveo,1-dose,Vial,2019,1.30%,66.760
MenACYW-135 (adult),Novartis,Menveo,1-dose,Vial,2019,,
MenACYW-135 (adult),Sanofi,Menactra,1-dose,Vial,2019,-2.68%,75.070
MenACYW-135 (adult),GSK,Menveo,1-dose,Vial,2018,-5.49%,65.910
MenACYW-135 (adult),Novartis,Menveo,1-dose,Vial,2018,,
MenACYW-135 (adult),Sanofi,Menactra,1-dose,Vial,2018,2.92%,77.130
MenACYW-135 (adult),GSK,Menveo,1-dose,Vial,2017,-3.27%,69.740
MenACYW-135 (adult),Novartis,Menveo,1-dose,Vial,2017,,
MenACYW-135 (adult),Sanofi,Menactra,1-dose,Vial,2017,0.82%,74.940
MenACYW-135 (adult),GSK,Menveo,1-dose,Vial,2016,0.62%,72.090
MenACYW-135 (adult),Sanofi,Menactra,1-dose,Vial,2016,-1.48%,74.330
MenACYW-135 (adult),GSK,Menveo,1-dose,Vial,2015,,71.650
MenACYW-135 (adult),Novartis,Menveo,1-dose,Vial,2015,1.43%,71.650
MenACYW-135 (adult),Sanofi,Menactra,1-dose,Vial,2015,0.59%,75.450
MenACYW-135 (adult),GSK,Menveo,1-dose,Vial,2014,,
MenACYW-135 (adult),Novartis,Menveo,1-dose,Vial,2014,2.95%,70.640
MenACYW-135 (adult),Sanofi,Menactra,1-dose,Vial,2014,1.99%,75.010
MenACYW-135 (adult),GSK,Menveo,1-dose,Vial,2013,,
MenACYW-135 (adult),Novartis,Menveo,1-dose,Vial,2013,,68.620
MenACYW-135 (adult),Sanofi,Menactra,1-dose,Vial,2013,,73.550
HepA,Merck,Vaqta,1-dose,Vial,2021,,
HepA,Merck,Vaqta,1-dose,Syringe,2021,3.72%,21.050
HepA (adult),Merck,Vaqta,1-dose,Vial,2021,4.45%,32.860
MenB,GSK,Bexsero,1-dose,Syringe,2020,1.55%,116.340
MenB,Novartis,Bexsero,1-dose,Syringe,2020,,
MenB,Pfizer,Trumenba,1-dose,Syringe,2020,4.31%,112.560
MenB,GSK,Bexsero,1-dose,Syringe,2019,2.84%,114.560
MenB,Novartis,Bexsero,1-dose,Syringe,2019,,
MenB,Pfizer,Trumenba,1-dose,Syringe,2019,4.01%,107.910
MenB,GSK,Bexsero,1-dose,Syringe,2018,6.60%,111.400
MenB,Novartis,Bexsero,1-dose,Syringe,2018,,
MenB,Pfizer,Trumenba,1-dose,Syringe,2018,9.74%,103.750
MenB,GSK,Bexsero,1-dose,Syringe,2017,-6.77%,104.500
MenB,Novartis,Bexsero,1-dose,Syringe,2017,,
MenB,Pfizer,Trumenba,1-dose,Syringe,2017,-1.26%,94.550
MenB,GSK,Bexsero,1-dose,Syringe,2016,-8.83%,112.090
MenB,Pfizer,Trumenba,1-dose,Syringe,2016,0%,95.750
MenB,GSK,Bexsero,1-dose,Syringe,2015,,122.950
MenB,Novartis,Bexsero,1-dose,Syringe,2015,,122.950
MenB,Pfizer,Trumenba,1-dose,Syringe,2015,,95.750
MenB,GSK,Bexsero,1-dose,Syringe,2014,,
MenB,Novartis,Bexsero,1-dose,Syringe,2014,,
MenB,Pfizer,Trumenba,1-dose,Syringe,2014,,
MenB,GSK,Bexsero,1-dose,Syringe,2013,,
MenB,Novartis,Bexsero,1-dose,Syringe,2013,,
MenB,Pfizer,Trumenba,1-dose,Syringe,2013,,
HepA (adult),Merck,Vaqta,1-dose,Syringe,2021,9.26%,34.370
HepB,Merck,Recombivax HB,1-dose,Vial,2021,2.71%,12.790
HepB (adult),Merck,Recombivax HB,1-dose,Vial,2021,-1.40E-16,25.430
MenB (adult),GSK,Bexsero,1-dose,Syringe,2020,1.47%,104.920
MenB (adult),Novartis,Bexsero,1-dose,Syringe,2020,,
MenB (adult),Pfizer,Trumenba,1-dose,Syringe,2020,9.10%,87.780
MenB (adult),GSK,Bexsero,1-dose,Syringe,2019,-0.78%,103.400
MenB (adult),Novartis,Bexsero,1-dose,Syringe,2019,,
MenB (adult),Pfizer,Trumenba,1-dose,Syringe,2019,6.12%,80.460
MenB (adult),GSK,Bexsero,1-dose,Syringe,2018,-1.84%,104.220
MenB (adult),Novartis,Bexsero,1-dose,Syringe,2018,,
MenB (adult),Pfizer,Trumenba,1-dose,Syringe,2018,-7.79%,75.810
MenB (adult),GSK,Bexsero,1-dose,Syringe,2017,-9.26%,106.180
MenB (adult),Novartis,Bexsero,1-dose,Syringe,2017,,
MenB (adult),Pfizer,Trumenba,1-dose,Syringe,2017,-3.89%,82.220
MenB (adult),GSK,Bexsero,1-dose,Syringe,2016,-4.36%,117.010
MenB (adult),Pfizer,Trumenba,1-dose,Syringe,2016,0.26%,85.550
MenB (adult),GSK,Bexsero,1-dose,Syringe,2015,,122.350
MenB (adult),Novartis,Bexsero,1-dose,Syringe,2015,,122.350
MenB (adult),Pfizer,Trumenba,1-dose,Syringe,2015,,85.330
MenB (adult),GSK,Bexsero,1-dose,Syringe,2014,,
MenB (adult),Novartis,Bexsero,1-dose,Syringe,2014,,
MenB (adult),Pfizer,Trumenba,1-dose,Syringe,2014,,
MenB (adult),GSK,Bexsero,1-dose,Syringe,2013,,
MenB (adult),Novartis,Bexsero,1-dose,Syringe,2013,,
MenB (adult),Pfizer,Trumenba,1-dose,Syringe,2013,,
HepB (adult),Merck,Recombivax HB,1-dose,Syringe,2021,,
MMR,Merck,M-M-RII,1-dose,Vial,2020,1.74%,21.550
MMR,Merck,M-M-RII,1-dose,Vial,2019,1.21%,21.180
MMR,Merck,M-M-RII,1-dose,Vial,2018,2.69%,20.920
MMR,Merck,M-M-RII,1-dose,Vial,2017,1.50%,20.380
MMR,Merck,M-M-RII,1-dose,Vial,2016,0.86%,20.080
MMR,Merck,M-M-RII,1-dose,Vial,2015,0.22%,19.900
MMR,Merck,M-M-RII,1-dose,Vial,2014,1.00%,19.860
MMR,Merck,M-M-RII,1-dose,Vial,2013,,19.660
HepB-Hib,Merck,Comvax,1-dose,Vial,2021,,
MMR (adult),Merck,M-M-RII,1-dose,Vial,2020,2.67%,48.860
MMR (adult),Merck,M-M-RII,1-dose,Vial,2019,8.85%,47.590
MMR (adult),Merck,M-M-RII,1-dose,Vial,2018,7.41%,43.720
MMR (adult),Merck,M-M-RII,1-dose,Vial,2017,1.77%,40.710
MMR (adult),Merck,M-M-RII,1-dose,Vial,2016,3.13%,40.000
MMR (adult),Merck,M-M-RII,1-dose,Vial,2015,4.70%,38.790
MMR (adult),Merck,M-M-RII,1-dose,Vial,2014,-0.94%,37.040
MMR (adult),Merck,M-M-RII,1-dose,Vial,2013,,37.400
Hib,Merck,PedvaxHIB,1-dose,Vial,2021,1.90%,13.670
MMRV,Merck,ProQuad,1-dose,Vial,2020,4.35%,135.480
MMRV,Merck,ProQuad,1-dose,Vial,2019,5.24%,129.830
MMRV,Merck,ProQuad,1-dose,Vial,2018,5.68%,123.370
MMRV,Merck,ProQuad,1-dose,Vial,2017,2.96%,116.730
MMRV,Merck,ProQuad,1-dose,Vial,2016,5.90%,113.380
MMRV,Merck,ProQuad,1-dose,Vial,2015,6.55%,107.060
MMRV,Merck,ProQuad,1-dose,Vial,2014,6.46%,100.480
MMRV,Merck,ProQuad,1-dose,Vial,2013,,94.380
HPV4,Merck,Gardasil,1-dose,Vial,2021,,
PCV13,Pfizer,Prevnar 13,1-dose,Syringe,2020,4.31%,141.550
PCV13,Pfizer,Prevnar 13,1-dose,Syringe,2019,4.02%,135.700
PCV13,Pfizer,Prevnar 13,1-dose,Syringe,2018,5.17%,130.460
PCV13,Pfizer,Prevnar 13,1-dose,Syringe,2017,3.54%,124.050
PCV13,Pfizer,Prevnar 13,1-dose,Syringe,2016,3.47%,119.810
PCV13,Pfizer,Prevnar 13,1-dose,Syringe,2015,4.63%,115.790
PCV13,Pfizer,Prevnar 13,1-dose,Syringe,2014,4.41%,110.670
PCV13,Pfizer,Prevnar 13,1-dose,Syringe,2013,,105.990
HPV4 (adult),Merck,Gardasil,1-dose,Vial,2021,,
PCV13 (adult),Pfizer,Prevnar 13,1-dose,Syringe,2020,4.68%,127.250
PCV13 (adult),Pfizer,Prevnar 13,1-dose,Syringe,2019,5.56%,121.560
PCV13 (adult),Pfizer,Prevnar 13,1-dose,Syringe,2018,12.95%,115.150
PCV13 (adult),Pfizer,Prevnar 13,1-dose,Syringe,2017,5.79%,101.950
PCV13 (adult),Pfizer,Prevnar 13,1-dose,Syringe,2016,1.90%,96.370
PCV13 (adult),Pfizer,Prevnar 13,1-dose,Syringe,2015,9.07%,94.570
PCV13 (adult),Pfizer,Prevnar 13,1-dose,Syringe,2014,1.78%,86.710
PCV13 (adult),Pfizer,Prevnar 13,1-dose,Syringe,2013,,85.190
HPV9,Merck,Gardasil 9,1-dose,Vial,2021,,
HPV9,Merck,Gardasil 9,1-dose,Syringe,2021,4.42%,192.180
PPSV23,Merck,Pneumovax23,1-dose,Syringe,2020,3.34%,58.180
PPSV23,Merck,Pneumovax23,1-dose,Vial,2019,2.31%,53.110
PPSV23,Merck,Pneumovax23,1-dose,Syringe,2019,1.07%,56.300
PPSV23,Merck,Pneumovax23,1-dose,Vial,2018,17.69%,51.910
PPSV23,Merck,Pneumovax23,1-dose,Syringe,2018,65.76%,55.700
PPSV23,Merck,Pneumovax23,1-dose,Vial,2017,-4.11%,44.110
PPSV23,Merck,Pneumovax23,1-dose,Syringe,2017,,33.610
PPSV23,Merck,Pneumovax23,1-dose,Vial,2016,6.60%,46.000
PPSV23,Merck,Pneumovax23,1-dose,Syringe,2016,,
PPSV23,Merck,Pneumovax23,1-dose,Vial,2015,5.68%,43.150
PPSV23,Merck,Pneumovax23,1-dose,Syringe,2015,,
PPSV23,Merck,Pneumovax23,1-dose,Vial,2014,4.23%,40.830
PPSV23,Merck,Pneumovax23,1-dose,Syringe,2014,,
PPSV23,Merck,Pneumovax23,1-dose,Vial,2013,,39.170
PPSV23,Merck,Pneumovax23,1-dose,Syringe,2013,,
HPV9 (adult),Merck,Gardasil 9,1-dose,Vial,2021,,
HPV9 (adult),Merck,Gardasil 9,1-dose,Syringe,2021,6.07%,149.110
MMR,Merck,M-M-RII,1-dose,Vial,2021,1.79%,21.930
PPSV23 (adult),Merck,Pneumovax23,1-dose,Syringe,2020,3.21%,62.690
PPSV23 (adult),Merck,Pneumovax23,5-dose,Vial,2020,,
PPSV23 (adult),Merck,Pneumovax23,1-dose,Vial,2019,9.78%,56.140
PPSV23 (adult),Merck,Pneumovax23,1-dose,Syringe,2019,18.58%,60.740
PPSV23 (adult),Merck,Pneumovax23,5-dose,Vial,2019,,
PPSV23 (adult),Merck,Pneumovax23,1-dose,Vial,2018,53.25%,51.130
PPSV23 (adult),Merck,Pneumovax23,1-dose,Syringe,2018,52.41%,51.220
PPSV23 (adult),Merck,Pneumovax23,5-dose,Vial,2018,,
PPSV23 (adult),Merck,Pneumovax23,1-dose,Vial,2017,27.60%,33.370
PPSV23 (adult),Merck,Pneumovax23,1-dose,Syringe,2017,28.51%,33.610
PPSV23 (adult),Merck,Pneumovax23,5-dose,Vial,2017,,
PPSV23 (adult),Merck,Pneumovax23,1-dose,Vial,2016,-1.66%,26.150
PPSV23 (adult),Merck,Pneumovax23,1-dose,Syringe,2016,-4.10%,26.150
PPSV23 (adult),Merck,Pneumovax23,5-dose,Vial,2016,,
PPSV23 (adult),Merck,Pneumovax23,1-dose,Vial,2015,-12.19%,26.590
PPSV23 (adult),Merck,Pneumovax23,1-dose,Syringe,2015,-29.23%,27.270
PPSV23 (adult),Merck,Pneumovax23,1-dose,Vial,2014,17.03%,30.280
PPSV23 (adult),Merck,Pneumovax23,1-dose,Syringe,2014,,38.530
PPSV23 (adult),Merck,Pneumovax23,5-dose,Vial,2014,1.09%,23.310
PPSV23 (adult),Merck,Pneumovax23,1-dose,Vial,2013,,25.880
PPSV23 (adult),Merck,Pneumovax23,1-dose,Syringe,2013,,
PPSV23 (adult),Merck,Pneumovax23,5-dose,Vial,2013,,23.060
MMR (adult),Merck,M-M-RII,1-dose,Vial,2021,4.61%,51.110
MMRV,Merck,ProQuad,1-dose,Vial,2021,4.42%,141.470
Rota,GSK,Rotarix,1-dose,Vial,2020,2.48%,96.570
Rota,Merck,RotaTeq,1-dose,Tube,2020,1.31%,71.420
Rota,GSK,Rotarix,1-dose,Vial,2019,2.03%,94.230
Rota,Merck,RotaTeq,1-dose,Tube,2019,0.53%,70.490
Rota,GSK,Rotarix,1-dose,Vial,2018,3.61%,92.360
Rota,Merck,RotaTeq,1-dose,Tube,2018,3.19%,70.120
Rota,GSK,Rotarix,1-dose,Vial,2017,3.09%,89.140
Rota,Merck,RotaTeq,1-dose,Tube,2017,2.85%,67.950
Rota,GSK,Rotarix,1-dose,Vial,2016,1.68%,86.460
Rota,Merck,RotaTeq,1-dose,Tube,2016,3.30%,66.070
Rota,GSK,Rotarix,1-dose,Vial,2015,-7.49%,85.040
Rota,Merck,RotaTeq,1-dose,Tube,2015,0.00%,63.960
Rota,GSK,Rotarix,1-dose,Vial,2014,0.03%,91.930
Rota,Merck,RotaTeq,1-dose,Tube,2014,0.85%,63.960
Rota,GSK,Rotarix,1-dose,Vial,2013,,91.900
Rota,Merck,RotaTeq,1-dose,Tube,2013,,63.420
PPSV23,Merck,Pneumovax23,1-dose,Vial,2021,,
PPSV23,Merck,Pneumovax23,1-dose,Syringe,2021,4.44%,60.760
PPSV23 (adult),Merck,Pneumovax23,1-dose,Vial,2021,,
PPSV23 (adult),Merck,Pneumovax23,1-dose,Syringe,2021,8.38%,67.940
PPSV23 (adult),Merck,Pneumovax23,5-dose,Vial,2021,,
Rota,Merck,RotaTeq,1-dose,Tube,2021,2.87%,73.460
Seasonal Influenza,Merck,Afluria,1-dose,Syringe,2021,,
Seasonal Influenza,Merck,Afluria,10-dose,Vial,2021,,
Seasonal Influenza (adult),Merck,Afluria,1-dose,Syringe,2021,,
Seasonal Influenza (adult),Merck,Afluria,10-dose,Vial,2021,,
Shingles,Merck,Zostavax,1-dose,Vial,2021,,
Td,Merck,,1-dose,Vial,2021,,
Td (adult),Merck,,1-dose,Vial,2021,,
Seasonal Influenza,GSK,Fluarix,1-dose,Syringe,2020,,
Seasonal Influenza,MedImm.,FluMist,1-dose,Sprayer,2020,,
Seasonal Influenza,Merck,Afluria,1-dose,Syringe,2020,,
Seasonal Influenza,Merck,Afluria,10-dose,Vial,2020,,
Seasonal Influenza,Novartis,Fluvirin,1-dose,Syringe,2020,,
Seasonal Influenza,Novartis,Fluvirin,10-dose,Vial,2020,,
Seasonal Influenza,Novartis,Flucelvax,1-dose,Syringe,2020,,
Seasonal Influenza,Sanofi,Fluzone Ped.,1-dose,Syringe,2020,,
Seasonal Influenza,Sanofi,Fluzone,1-dose,Vial,2020,,
Seasonal Influenza,Sanofi,Fluzone,1-dose,Syringe,2020,,
Seasonal Influenza,Sanofi,Fluzone,10-dose,Vial,2020,,
Seasonal Influenza,Seqirus,Afluria,1-dose,Syringe,2020,,
Seasonal Influenza,Seqirus,Afluria,10-dose,Vial,2020,,
Seasonal Influenza,GSK,Fluarix,1-dose,Syringe,2019,,
Seasonal Influenza,MedImm.,FluMist,1-dose,Sprayer,2019,,
Seasonal Influenza,Merck,Afluria,1-dose,Syringe,2019,,
Seasonal Influenza,Merck,Afluria,10-dose,Vial,2019,,
Seasonal Influenza,Novartis,Fluvirin,1-dose,Syringe,2019,,
Seasonal Influenza,Novartis,Fluvirin,10-dose,Vial,2019,,
Seasonal Influenza,Novartis,Flucelvax,1-dose,Syringe,2019,,
Seasonal Influenza,Sanofi,Fluzone Ped.,1-dose,Syringe,2019,,
Seasonal Influenza,Sanofi,Fluzone,1-dose,Vial,2019,,
Seasonal Influenza,Sanofi,Fluzone,1-dose,Syringe,2019,,
Seasonal Influenza,Sanofi,Fluzone,10-dose,Vial,2019,,
Seasonal Influenza,Seqirus,Afluria,1-dose,Syringe,2019,,
Seasonal Influenza,Seqirus,Afluria,10-dose,Vial,2019,,
Seasonal Influenza,GSK,Fluarix,1-dose,Syringe,2018,,
Seasonal Influenza,MedImm.,FluMist,1-dose,Sprayer,2018,,
Seasonal Influenza,Merck,Afluria,1-dose,Syringe,2018,,
Seasonal Influenza,Merck,Afluria,10-dose,Vial,2018,,
Seasonal Influenza,Novartis,Fluvirin,1-dose,Syringe,2018,,
Seasonal Influenza,Novartis,Flucelvax,1-dose,Syringe,2018,,
Seasonal Influenza,Sanofi,Fluzone Ped.,1-dose,Syringe,2018,,
Seasonal Influenza,Sanofi,Fluzone,1-dose,Vial,2018,,
Seasonal Influenza,Sanofi,Fluzone,1-dose,Syringe,2018,,
Seasonal Influenza,Sanofi,Fluzone,10-dose,Vial,2018,,
Seasonal Influenza,GSK,Fluarix,1-dose,Syringe,2017,,
Seasonal Influenza,MedImm.,FluMist,1-dose,Sprayer,2017,,
Seasonal Influenza,Novartis,Fluvirin,10-dose,Vial,2017,0.48%,7.240
Seasonal Influenza,Sanofi,Fluzone Ped.,1-dose,Syringe,2017,,
Seasonal Influenza,Sanofi,Fluzone,1-dose,Vial,2017,,
Seasonal Influenza,Sanofi,Fluzone,1-dose,Syringe,2017,,
Seasonal Influenza,Seqirus,Afluria,1-dose,Syringe,2017,-1.11E-16,7.990
Seasonal Influenza,Seqirus,Afluria,10-dose,Vial,2017,-1.23E-16,7.240
Seasonal Influenza,GSK,Fluarix,1-dose,Syringe,2016,,
Seasonal Influenza,MedImm.,FluMist,1-dose,Sprayer,2016,,
Seasonal Influenza,Merck,Afluria,1-dose,Syringe,2016,,7.970
Seasonal Influenza,Merck,Afluria,10-dose,Vial,2016,,7.220
Seasonal Influenza,Novartis,Fluvirin,1-dose,Syringe,2016,-3.48%,7.960
Seasonal Influenza,Novartis,Fluvirin,10-dose,Vial,2016,-0.15%,7.210
Seasonal Influenza,Novartis,Flucelvax,1-dose,Syringe,2016,,14.340
Seasonal Influenza,Sanofi,Fluzone Ped.,1-dose,Syringe,2016,,
Seasonal Influenza,Sanofi,Fluzone,1-dose,Vial,2016,,
Seasonal Influenza,Sanofi,Fluzone,10-dose,Vial,2016,0%,7.750
Seasonal Influenza,Seqirus,Afluria,1-dose,Syringe,2016,2.58%,7.990
Seasonal Influenza,Seqirus,Afluria,10-dose,Vial,2016,2.86%,7.240
Seasonal Influenza,MedImm.,FluMist,1-dose,Sprayer,2015,,
Seasonal Influenza,Novartis,Fluvirin,1-dose,Syringe,2015,-10.58%,8.250
Seasonal Influenza,Novartis,Fluvirin,10-dose,Vial,2015,-11.94%,7.220
Seasonal Influenza,Novartis,Flucelvax,1-dose,Syringe,2015,,
Seasonal Influenza,Sanofi,Fluzone,1-dose,Syringe,2015,-5.49%,9.600
Seasonal Influenza,Sanofi,Fluzone,10-dose,Vial,2015,-7.63%,7.750
Seasonal Influenza,Seqirus,Afluria,1-dose,Syringe,2015,0.50%,7.790
Seasonal Influenza,Seqirus,Afluria,10-dose,Vial,2015,0.56%,7.040
Seasonal Influenza,GSK,Fluarix,1-dose,Syringe,2014,0%,9.250
Seasonal Influenza,Merck,Afluria,1-dose,Syringe,2014,0%,9.000
Seasonal Influenza,Merck,Afluria,10-dose,Vial,2014,0%,8.250
Seasonal Influenza,Novartis,Fluvirin,1-dose,Syringe,2014,2.15%,9.220
Seasonal Influenza,Novartis,Fluvirin,10-dose,Vial,2014,1.74%,8.200
Seasonal Influenza,Novartis,Flucelvax,1-dose,Syringe,2014,,
Seasonal Influenza,Sanofi,Fluzone Ped.,1-dose,Syringe,2014,0.50%,12.230
Seasonal Influenza,Sanofi,Fluzone,1-dose,Vial,2014,19.98%,12.970
Seasonal Influenza,Sanofi,Fluzone,1-dose,Syringe,2014,-3.53%,10.160
Seasonal Influenza,Sanofi,Fluzone,10-dose,Vial,2014,-0.93%,8.390
Seasonal Influenza,Seqirus,Afluria,1-dose,Syringe,2014,,7.750
Seasonal Influenza,Seqirus,Afluria,10-dose,Vial,2014,,7.000
Seasonal Influenza,GSK,Fluarix,1-dose,Syringe,2013,,9.250
Seasonal Influenza,MedImm.,FluMist,1-dose,Sprayer,2013,,16.500
Seasonal Influenza,Merck,Afluria,1-dose,Syringe,2013,,9.000
Seasonal Influenza,Merck,Afluria,10-dose,Vial,2013,,8.250
Seasonal Influenza,Novartis,Fluvirin,1-dose,Syringe,2013,,9.030
Seasonal Influenza,Novartis,Fluvirin,10-dose,Vial,2013,,8.060
Seasonal Influenza,Novartis,Flucelvax,1-dose,Syringe,2013,,
Seasonal Influenza,Sanofi,Fluzone Ped.,1-dose,Syringe,2013,,12.170
Seasonal Influenza,Sanofi,Fluzone,1-dose,Vial,2013,,10.810
Seasonal Influenza,Sanofi,Fluzone,1-dose,Syringe,2013,,10.530
Seasonal Influenza,Sanofi,Fluzone,10-dose,Vial,2013,,8.470
Seasonal Influenza,Seqirus,Afluria,1-dose,Syringe,2013,,
Seasonal Influenza,Seqirus,Afluria,10-dose,Vial,2013,,
Varicella,Merck,Varivax,1-dose,Vial,2021,4.97%,112.880
Varicella (adult),Merck,Varivax,1-dose,Vial,2021,6.69%,87.530
MenACYW-135,Novartis,Menveo,1-dose,Vial,2021,,
MenACYW-135 (adult),Novartis,Menveo,1-dose,Vial,2021,,
MenB,Novartis,Bexsero,1-dose,Syringe,2021,,
MenB (adult),Novartis,Bexsero,1-dose,Syringe,2021,,
Seasonal Influenza,Novartis,Fluvirin,1-dose,Syringe,2021,,
Seasonal Influenza,Novartis,Fluvirin,10-dose,Vial,2021,,
Seasonal Influenza,Novartis,Flucelvax,1-dose,Syringe,2021,,
Seasonal Influenza - QIV,Novartis,Flucelvax Quad.,1-dose,Syringe,2021,,
Seasonal Influenza (adult),Novartis,Fluvirin,1-dose,Syringe,2021,,
Seasonal Influenza (adult),Novartis,Fluvirin,10-dose,Vial,2021,,
Seasonal Influenza - QIV,AstraZen.,FluMist Quad.,1-dose,Sprayer,2020,0%,18.880
Seasonal Influenza - QIV,GSK,FluLaval Quad.,1-dose,Syringe,2020,1.44%,13.690
Seasonal Influenza - QIV,GSK,FluLaval Quad.,10-dose,Vial,2020,1.31E-16,13.550
Seasonal Influenza - QIV,GSK,Fluarix Quad.,1-dose,Syringe,2020,1.44%,13.690
Seasonal Influenza - QIV,MedImm.,FluMist Quad.,1-dose,Sprayer,2020,,
Seasonal Influenza - QIV,Novartis,Flucelvax Quad.,1-dose,Syringe,2020,,
Seasonal Influenza - QIV,Sanofi,Fluzone Quad.,1-dose,Vial,2020,-2.65%,13.560
Seasonal Influenza - QIV,Sanofi,Fluzone Quad.,1-dose,Syringe,2020,-2.39%,13.590
Seasonal Influenza - QIV,Sanofi,Fluzone Quad.,10-dose,Vial,2020,-1.73%,13.610
Seasonal Influenza - QIV,Seqirus,Flucelvax Quad.,1-dose,Syringe,2020,3.28%,15.920
Seasonal Influenza - QIV,Seqirus,Flucelvax Quad.,10-dose,Vial,2020,2.01%,15.120
Seasonal Influenza - QIV,Seqirus,Afluria Quad.,1-dose,Syringe,2020,-2.09%,13.320
Seasonal Influenza - QIV,Seqirus,Afluria Quad.,10-dose,Vial,2020,-3.80%,12.570
Seasonal Influenza - QIV,AstraZen.,FluMist Quad.,1-dose,Sprayer,2019,0%,18.880
Seasonal Influenza - QIV,GSK,FluLaval Quad.,1-dose,Syringe,2019,-1.24%,13.500
Seasonal Influenza - QIV,GSK,FluLaval Quad.,10-dose,Vial,2019,-1.31E-16,13.550
Seasonal Influenza - QIV,GSK,Fluarix Quad.,1-dose,Syringe,2019,-1.24%,13.500
Seasonal Influenza - QIV,MedImm.,FluMist Quad.,1-dose,Sprayer,2019,,
Seasonal Influenza - QIV,Novartis,Flucelvax Quad.,1-dose,Syringe,2019,,
Seasonal Influenza - QIV,Sanofi,Fluzone Quad.,1-dose,Vial,2019,-8.46%,13.930
Seasonal Influenza - QIV,Sanofi,Fluzone Quad.,1-dose,Syringe,2019,-8.46%,13.930
Seasonal Influenza - QIV,Sanofi,Fluzone Quad.,10-dose,Vial,2019,-2.61%,13.850
Seasonal Influenza - QIV,Seqirus,Flucelvax Quad.,1-dose,Syringe,2019,5.48%,15.410
Seasonal Influenza - QIV,Seqirus,Flucelvax Quad.,10-dose,Vial,2019,8.61%,14.820
Seasonal Influenza - QIV,Seqirus,Afluria Quad.,1-dose,Syringe,2019,-5.69%,13.610
Seasonal Influenza - QIV,Seqirus,Afluria Quad.,10-dose,Vial,2019,-3.55%,13.070
Seasonal Influenza - QIV,AstraZen.,FluMist Quad.,1-dose,Sprayer,2018,,18.880
Seasonal Influenza - QIV,GSK,FluLaval Quad.,1-dose,Syringe,2018,-5.27%,13.670
Seasonal Influenza - QIV,GSK,FluLaval Quad.,10-dose,Vial,2018,1.31E-16,13.550
Seasonal Influenza - QIV,GSK,Fluarix Quad.,1-dose,Syringe,2018,-5.27%,13.670
Seasonal Influenza - QIV,MedImm.,FluMist Quad.,1-dose,Sprayer,2018,,
Seasonal Influenza - QIV,Sanofi,Fluzone Quad.,1-dose,Vial,2018,-3.24%,15.210
Seasonal Influenza - QIV,Sanofi,Fluzone Quad.,1-dose,Syringe,2018,-5.68%,15.210
Seasonal Influenza - QIV,Sanofi,Fluzone Quad.,10-dose,Vial,2018,-0.37%,14.220
Seasonal Influenza - QIV,Seqirus,Flucelvax Quad.,1-dose,Syringe,2018,-5.25%,14.610
Seasonal Influenza - QIV,Seqirus,Flucelvax Quad.,10-dose,Vial,2018,-3.02%,13.640
Seasonal Influenza - QIV,Seqirus,Afluria Quad.,1-dose,Syringe,2018,,14.430
Seasonal Influenza - QIV,Seqirus,Afluria Quad.,10-dose,Vial,2018,,13.550
Seasonal Influenza - QIV,AstraZen.,FluMist Quad.,1-dose,Sprayer,2017,,
Seasonal Influenza - QIV,GSK,FluLaval Quad.,1-dose,Syringe,2017,2.46E-16,14.430
Seasonal Influenza - QIV,GSK,FluLaval Quad.,10-dose,Vial,2017,0.33%,13.550
Seasonal Influenza - QIV,GSK,Fluarix Quad.,1-dose,Syringe,2017,0.29%,14.430
Seasonal Influenza - QIV,Novartis,Flucelvax Quad.,1-dose,Syringe,2017,-2.48E-16,14.340
Seasonal Influenza - QIV,Sanofi,Fluzone Quad.,1-dose,Vial,2017,-0.10%,15.720
Seasonal Influenza - QIV,Sanofi,Fluzone Quad.,1-dose,Syringe,2017,-4.74%,16.130
Seasonal Influenza - QIV,Sanofi,Fluzone Quad.,10-dose,Vial,2017,4.15%,14.270
Seasonal Influenza - QIV,Seqirus,Flucelvax Quad.,1-dose,Syringe,2017,,15.420
Seasonal Influenza - QIV,Seqirus,Flucelvax Quad.,10-dose,Vial,2017,,14.070
Seasonal Influenza - QIV,Seqirus,Afluria Quad.,1-dose,Syringe,2017,,
Seasonal Influenza - QIV,Seqirus,Afluria Quad.,10-dose,Vial,2017,,
Seasonal Influenza - QIV,AstraZen.,FluMist Quad.,1-dose,Sprayer,2016,,
Seasonal Influenza - QIV,GSK,FluLaval Quad.,1-dose,Syringe,2016,,14.430
Seasonal Influenza - QIV,GSK,FluLaval Quad.,10-dose,Vial,2016,3.31%,13.510
Seasonal Influenza - QIV,GSK,Fluarix Quad.,1-dose,Syringe,2016,3.14%,14.390
Seasonal Influenza - QIV,MedImm.,FluMist Quad.,1-dose,Sprayer,2016,0.94%,18.880
Seasonal Influenza - QIV,Novartis,Flucelvax Quad.,1-dose,Syringe,2016,,14.340
Seasonal Influenza - QIV,Sanofi,Fluzone Quad.,1-dose,Vial,2016,4.23%,15.740
Seasonal Influenza - QIV,Sanofi,Fluzone Quad.,1-dose,Syringe,2016,6.24%,16.930
Seasonal Influenza - QIV,Sanofi,Fluzone Quad.,10-dose,Vial,2016,4.19%,13.700
Seasonal Influenza - QIV,Seqirus,Flucelvax Quad.,1-dose,Syringe,2016,,
Seasonal Influenza - QIV,Seqirus,Flucelvax Quad.,10-dose,Vial,2016,,
Seasonal Influenza - QIV,Seqirus,Afluria Quad.,1-dose,Syringe,2016,,
Seasonal Influenza - QIV,Seqirus,Afluria Quad.,10-dose,Vial,2016,,
Seasonal Influenza - QIV,AstraZen.,FluMist Quad.,1-dose,Sprayer,2015,,
Seasonal Influenza - QIV,GSK,FluLaval Quad.,1-dose,Syringe,2015,,
Seasonal Influenza - QIV,GSK,FluLaval Quad.,10-dose,Vial,2015,7.79%,13.070
Seasonal Influenza - QIV,GSK,Fluarix Quad.,1-dose,Syringe,2015,2.20%,13.950
Seasonal Influenza - QIV,MedImm.,FluMist Quad.,1-dose,Sprayer,2015,3.90%,18.700
Seasonal Influenza - QIV,Novartis,Flucelvax Quad.,1-dose,Syringe,2015,,
Seasonal Influenza - QIV,Sanofi,Fluzone Quad.,1-dose,Vial,2015,0%,15.100
Seasonal Influenza - QIV,Sanofi,Fluzone Quad.,1-dose,Syringe,2015,-0.53%,15.930
Seasonal Influenza - QIV,Sanofi,Fluzone Quad.,10-dose,Vial,2015,0%,13.150
Seasonal Influenza - QIV,Seqirus,Flucelvax Quad.,1-dose,Syringe,2015,,
Seasonal Influenza - QIV,Seqirus,Flucelvax Quad.,10-dose,Vial,2015,,
Seasonal Influenza - QIV,Seqirus,Afluria Quad.,1-dose,Syringe,2015,,
Seasonal Influenza - QIV,Seqirus,Afluria Quad.,10-dose,Vial,2015,,
Seasonal Influenza - QIV,AstraZen.,FluMist Quad.,1-dose,Sprayer,2014,,
Seasonal Influenza - QIV,GSK,FluLaval Quad.,1-dose,Syringe,2014,,
Seasonal Influenza - QIV,GSK,FluLaval Quad.,10-dose,Vial,2014,,12.130
Seasonal Influenza - QIV,GSK,Fluarix Quad.,1-dose,Syringe,2014,0%,13.650
Seasonal Influenza - QIV,MedImm.,FluMist Quad.,1-dose,Sprayer,2014,4.06%,18.000
Seasonal Influenza - QIV,Novartis,Flucelvax Quad.,1-dose,Syringe,2014,,
Seasonal Influenza - QIV,Sanofi,Fluzone Quad.,1-dose,Vial,2014,,15.100
Seasonal Influenza - QIV,Sanofi,Fluzone Quad.,1-dose,Syringe,2014,-6.04%,16.020
Seasonal Influenza - QIV,Sanofi,Fluzone Quad.,10-dose,Vial,2014,,13.150
Seasonal Influenza - QIV,Seqirus,Flucelvax Quad.,1-dose,Syringe,2014,,
Seasonal Influenza - QIV,Seqirus,Flucelvax Quad.,10-dose,Vial,2014,,
Seasonal Influenza - QIV,Seqirus,Afluria Quad.,1-dose,Syringe,2014,,
Seasonal Influenza - QIV,Seqirus,Afluria Quad.,10-dose,Vial,2014,,
Seasonal Influenza - QIV,AstraZen.,FluMist Quad.,1-dose,Sprayer,2013,,
Seasonal Influenza - QIV,GSK,FluLaval Quad.,1-dose,Syringe,2013,,
Seasonal Influenza - QIV,GSK,FluLaval Quad.,10-dose,Vial,2013,,
Seasonal Influenza - QIV,GSK,Fluarix Quad.,1-dose,Syringe,2013,,13.650
Seasonal Influenza - QIV,MedImm.,FluMist Quad.,1-dose,Sprayer,2013,,17.300
Seasonal Influenza - QIV,Novartis,Flucelvax Quad.,1-dose,Syringe,2013,,
Seasonal Influenza - QIV,Sanofi,Fluzone Quad.,1-dose,Vial,2013,,
Seasonal Influenza - QIV,Sanofi,Fluzone Quad.,1-dose,Syringe,2013,,17.050
Seasonal Influenza - QIV,Sanofi,Fluzone Quad.,10-dose,Vial,2013,,
Seasonal Influenza - QIV,Seqirus,Flucelvax Quad.,1-dose,Syringe,2013,,
Seasonal Influenza - QIV,Seqirus,Flucelvax Quad.,10-dose,Vial,2013,,
Seasonal Influenza - QIV,Seqirus,Afluria Quad.,1-dose,Syringe,2013,,
Seasonal Influenza - QIV,Seqirus,Afluria Quad.,10-dose,Vial,2013,,
Seasonal Influenza (adult),Novartis,Flucelvax,1-dose,Syringe,2021,,
Seasonal Influenza (adult),Novartis,AgriFlu,1-dose,Syringe,2021,,
MenB,Pfizer,Trumenba,1-dose,Syringe,2021,4.35%,117.450
MenB (adult),Pfizer,Trumenba,1-dose,Syringe,2021,7.29%,94.180
PCV13,Pfizer,Prevnar 13,1-dose,Syringe,2021,4.35%,147.710
PCV13 (adult),Pfizer,Prevnar 13,1-dose,Syringe,2021,5.39%,134.100
Seasonal Influenza (adult),Protein S.,Flublok,1-dose,Vial,2021,,
DTaP,Sanofi,Daptacel,1-dose,Vial,2021,2.84%,18.910
DTaP-Hib-IPV,Sanofi,Pentacel,1-dose,Vial,2021,2.80%,62.610
DTaP-IPV,Sanofi,Quadracel,1-dose,Vial,2021,3.00%,42.660
Hib,Sanofi,ActHIB,1-dose,Vial,2021,2.48%,9.900
IPV,Sanofi,IPOL,10-dose,Vial,2021,1.58%,13.970
MenACYW-135,Sanofi,MenQuadfi,1-dose,Vial,2021,,100.050
MenACYW-135,Sanofi,Menactra,1-dose,Vial,2021,3.20%,98.350
MenACYW-135 (adult),Sanofi,Menactra,1-dose,Vial,2021,3.41%,77.700
Seasonal Influenza,Sanofi,Fluzone Ped.,1-dose,Syringe,2021,,
Seasonal Influenza (adult),GSK,FluLaval,10-dose,Vial,2020,,
Seasonal Influenza (adult),GSK,Fluarix,1-dose,Syringe,2020,,
Seasonal Influenza (adult),Merck,Afluria,1-dose,Syringe,2020,,
Seasonal Influenza (adult),Merck,Afluria,10-dose,Vial,2020,,
Seasonal Influenza (adult),Novartis,Fluvirin,1-dose,Syringe,2020,,
Seasonal Influenza (adult),Novartis,Fluvirin,10-dose,Vial,2020,,
Seasonal Influenza (adult),Novartis,Flucelvax,1-dose,Syringe,2020,,
Seasonal Influenza (adult),Novartis,AgriFlu,1-dose,Syringe,2020,,
Seasonal Influenza (adult),Protein S.,Flublok,1-dose,Vial,2020,,
Seasonal Influenza (adult),Sanofi,Fluzone,1-dose,Vial,2020,,
Seasonal Influenza (adult),Sanofi,Fluzone,1-dose,Syringe,2020,,
Seasonal Influenza (adult),Sanofi,Fluzone,10-dose,Vial,2020,,
Seasonal Influenza (adult),Seqirus,Fluvirin,1-dose,Syringe,2020,,
Seasonal Influenza (adult),Seqirus,Fluvirin,10-dose,Vial,2020,,
Seasonal Influenza (adult),Seqirus,Afluria,1-dose,Syringe,2020,,
Seasonal Influenza (adult),Seqirus,Afluria,10-dose,Vial,2020,,
Seasonal Influenza (adult),GSK,FluLaval,10-dose,Vial,2019,,
Seasonal Influenza (adult),GSK,Fluarix,1-dose,Syringe,2019,,
Seasonal Influenza (adult),Merck,Afluria,1-dose,Syringe,2019,,
Seasonal Influenza (adult),Merck,Afluria,10-dose,Vial,2019,,
Seasonal Influenza (adult),Novartis,Fluvirin,1-dose,Syringe,2019,,
Seasonal Influenza (adult),Novartis,Fluvirin,10-dose,Vial,2019,,
Seasonal Influenza (adult),Novartis,Flucelvax,1-dose,Syringe,2019,,
Seasonal Influenza (adult),Novartis,AgriFlu,1-dose,Syringe,2019,,
Seasonal Influenza (adult),Protein S.,Flublok,1-dose,Vial,2019,,
Seasonal Influenza (adult),Sanofi,Fluzone,1-dose,Vial,2019,,
Seasonal Influenza (adult),Sanofi,Fluzone,1-dose,Syringe,2019,,
Seasonal Influenza (adult),Sanofi,Fluzone,10-dose,Vial,2019,,
Seasonal Influenza (adult),GSK,FluLaval,10-dose,Vial,2018,,
Seasonal Influenza (adult),GSK,Fluarix,1-dose,Syringe,2018,,
Seasonal Influenza (adult),Merck,Afluria,1-dose,Syringe,2018,,
Seasonal Influenza (adult),Merck,Afluria,10-dose,Vial,2018,,
Seasonal Influenza (adult),Novartis,Fluvirin,1-dose,Syringe,2018,,
Seasonal Influenza (adult),Novartis,Flucelvax,1-dose,Syringe,2018,,
Seasonal Influenza (adult),Novartis,AgriFlu,1-dose,Syringe,2018,,
Seasonal Influenza (adult),Sanofi,Fluzone,1-dose,Vial,2018,,
Seasonal Influenza (adult),Sanofi,Fluzone,1-dose,Syringe,2018,,
Seasonal Influenza (adult),Sanofi,Fluzone,10-dose,Vial,2018,,
Seasonal Influenza (adult),Seqirus,Fluvirin,1-dose,Syringe,2018,0%,9.990
Seasonal Influenza (adult),Seqirus,Fluvirin,10-dose,Vial,2018,0%,9.500
Seasonal Influenza (adult),Seqirus,Afluria,1-dose,Syringe,2018,8.12%,9.990
Seasonal Influenza (adult),Seqirus,Afluria,10-dose,Vial,2018,7.09%,9.500
Seasonal Influenza (adult),GSK,FluLaval,10-dose,Vial,2017,,
Seasonal Influenza (adult),GSK,Fluarix,1-dose,Syringe,2017,,
Seasonal Influenza (adult),Novartis,Fluvirin,10-dose,Vial,2017,0.48%,7.240
Seasonal Influenza (adult),Novartis,AgriFlu,1-dose,Syringe,2017,,
Seasonal Influenza (adult),Protein S.,Flublok,1-dose,Vial,2017,2.83E-16,25.070
Seasonal Influenza (adult),Sanofi,Fluzone,1-dose,Vial,2017,,
Seasonal Influenza (adult),Sanofi,Fluzone,1-dose,Syringe,2017,,
Seasonal Influenza (adult),Seqirus,Fluvirin,1-dose,Syringe,2017,,9.990
Seasonal Influenza (adult),Seqirus,Fluvirin,10-dose,Vial,2017,,9.500
Seasonal Influenza (adult),Seqirus,Afluria,1-dose,Syringe,2017,15.64%,9.240
Seasonal Influenza (adult),Seqirus,Afluria,10-dose,Vial,2017,22.53%,8.870
Seasonal Influenza (adult),GSK,FluLaval,10-dose,Vial,2016,,
Seasonal Influenza (adult),GSK,Fluarix,1-dose,Syringe,2016,,
Seasonal Influenza (adult),Merck,Afluria,1-dose,Syringe,2016,,7.920
Seasonal Influenza (adult),Merck,Afluria,10-dose,Vial,2016,,7.170
Seasonal Influenza (adult),Novartis,Fluvirin,1-dose,Syringe,2016,0%,7.960
Seasonal Influenza (adult),Novartis,Fluvirin,10-dose,Vial,2016,3.98%,7.210
Seasonal Influenza (adult),Novartis,Flucelvax,1-dose,Syringe,2016,-4.78%,7.960
Seasonal Influenza (adult),Novartis,AgriFlu,1-dose,Syringe,2016,,
Seasonal Influenza (adult),Protein S.,Flublok,1-dose,Vial,2016,0%,25.070
Seasonal Influenza (adult),Sanofi,Fluzone,1-dose,Vial,2016,,
Seasonal Influenza (adult),Sanofi,Fluzone,10-dose,Vial,2016,,7.750
Seasonal Influenza (adult),Seqirus,Fluvirin,1-dose,Syringe,2016,,
Seasonal Influenza (adult),Seqirus,Fluvirin,10-dose,Vial,2016,,
Seasonal Influenza (adult),Seqirus,Afluria,1-dose,Syringe,2016,8.22%,7.990
Seasonal Influenza (adult),Seqirus,Afluria,10-dose,Vial,2016,9.44%,7.240
Seasonal Influenza (adult),Novartis,Fluvirin,1-dose,Syringe,2015,0.29%,7.960
Seasonal Influenza (adult),Novartis,Fluvirin,10-dose,Vial,2015,0.29%,6.930
Seasonal Influenza (adult),Novartis,Flucelvax,1-dose,Syringe,2015,-14.09%,8.360
Seasonal Influenza (adult),Novartis,AgriFlu,1-dose,Syringe,2015,,
Seasonal Influenza (adult),Protein S.,Flublok,1-dose,Vial,2015,,25.070
Seasonal Influenza (adult),Sanofi,Fluzone,1-dose,Syringe,2015,-6.54%,8.750
Seasonal Influenza (adult),Seqirus,Fluvirin,1-dose,Syringe,2015,,
Seasonal Influenza (adult),Seqirus,Fluvirin,10-dose,Vial,2015,,
Seasonal Influenza (adult),Seqirus,Afluria,1-dose,Syringe,2015,1.28%,7.380
Seasonal Influenza (adult),Seqirus,Afluria,10-dose,Vial,2015,1.31%,6.620
Seasonal Influenza (adult),GSK,FluLaval,10-dose,Vial,2014,-2.86%,5.890
Seasonal Influenza (adult),GSK,Fluarix,1-dose,Syringe,2014,-0.41%,8.080
Seasonal Influenza (adult),Merck,Afluria,1-dose,Syringe,2014,0%,8.130
Seasonal Influenza (adult),Merck,Afluria,10-dose,Vial,2014,-1.14E-16,7.820
Seasonal Influenza (adult),Novartis,Fluvirin,1-dose,Syringe,2014,0.25%,7.940
Seasonal Influenza (adult),Novartis,Fluvirin,10-dose,Vial,2014,-0.10%,6.910
Seasonal Influenza (adult),Novartis,Flucelvax,1-dose,Syringe,2014,2.43%,9.730
Seasonal Influenza (adult),Protein S.,Flublok,1-dose,Vial,2014,,
Seasonal Influenza (adult),Sanofi,Fluzone,1-dose,Vial,2014,0.49%,9.930
Seasonal Influenza (adult),Sanofi,Fluzone,1-dose,Syringe,2014,-15.41%,9.360
Seasonal Influenza (adult),Sanofi,Fluzone,10-dose,Vial,2014,-3.30%,7.880
Seasonal Influenza (adult),Seqirus,Fluvirin,1-dose,Syringe,2014,,
Seasonal Influenza (adult),Seqirus,Fluvirin,10-dose,Vial,2014,,
Seasonal Influenza (adult),Seqirus,Afluria,1-dose,Syringe,2014,,7.290
Seasonal Influenza (adult),Seqirus,Afluria,10-dose,Vial,2014,,6.530
Seasonal Influenza (adult),GSK,FluLaval,10-dose,Vial,2013,,6.060
Seasonal Influenza (adult),GSK,Fluarix,1-dose,Syringe,2013,,8.110
Seasonal Influenza (adult),Merck,Afluria,1-dose,Syringe,2013,,8.130
Seasonal Influenza (adult),Merck,Afluria,10-dose,Vial,2013,,7.820
Seasonal Influenza (adult),Novartis,Fluvirin,1-dose,Syringe,2013,,7.920
Seasonal Influenza (adult),Novartis,Fluvirin,10-dose,Vial,2013,,6.920
Seasonal Influenza (adult),Novartis,Flucelvax,1-dose,Syringe,2013,,9.500
Seasonal Influenza (adult),Novartis,AgriFlu,1-dose,Syringe,2013,,9.750
Seasonal Influenza (adult),Protein S.,Flublok,1-dose,Vial,2013,,
Seasonal Influenza (adult),Sanofi,Fluzone,1-dose,Vial,2013,,9.880
Seasonal Influenza (adult),Sanofi,Fluzone,1-dose,Syringe,2013,,11.070
Seasonal Influenza (adult),Sanofi,Fluzone,10-dose,Vial,2013,,8.150
Seasonal Influenza (adult),Seqirus,Fluvirin,1-dose,Syringe,2013,,
Seasonal Influenza (adult),Seqirus,Fluvirin,10-dose,Vial,2013,,
Seasonal Influenza (adult),Seqirus,Afluria,1-dose,Syringe,2013,,
Seasonal Influenza (adult),Seqirus,Afluria,10-dose,Vial,2013,,
Seasonal Influenza,Sanofi,Fluzone,1-dose,Vial,2021,,
Seasonal Influenza,Sanofi,Fluzone,1-dose,Syringe,2021,,
Seasonal Influenza,Sanofi,Fluzone,10-dose,Vial,2021,,
Seasonal Influenza - QIV,Sanofi,Fluzone Quad.,1-dose,Vial,2021,0.83%,13.670
Seasonal Influenza - QIV,Sanofi,Fluzone Quad.,1-dose,Syringe,2021,0.56%,13.670
Seasonal Influenza - QIV,Sanofi,Fluzone Quad.,10-dose,Vial,2021,0.59%,13.690
Seasonal Influenza (adult),Sanofi,Fluzone,1-dose,Vial,2021,,
Seasonal Influenza (adult),Sanofi,Fluzone,1-dose,Syringe,2021,,
Seasonal Influenza (adult),Sanofi,Fluzone,10-dose,Vial,2021,,
Seasonal Influenza (adult) - QIV,Sanofi,Fluzone Quad.,1-dose,Vial,2021,2.31%,14.050
Seasonal Influenza (adult) - QIV,AstraZen.,FluMist Quad.,1-dose,Sprayer,2020,,17.940
Seasonal Influenza (adult) - QIV,GSK,FluLaval Quad.,1-dose,Syringe,2020,1.46%,12.400
Seasonal Influenza (adult) - QIV,GSK,FluLaval Quad.,10-dose,Vial,2020,0%,11.940
Seasonal Influenza (adult) - QIV,GSK,Fluarix Quad.,1-dose,Syringe,2020,1.46%,12.400
Seasonal Influenza (adult) - QIV,Sanofi,Fluzone Quad.,1-dose,Vial,2020,-0.48%,13.730
Seasonal Influenza (adult) - QIV,Sanofi,Fluzone Quad.,1-dose,Syringe,2020,-0.48%,13.730
Seasonal Influenza (adult) - QIV,Sanofi,Fluzone Quad.,10-dose,Vial,2020,0.23%,12.810
Seasonal Influenza (adult) - QIV,Seqirus,Flucelvax Quad.,1-dose,Syringe,2020,2.22%,15.460
Seasonal Influenza (adult) - QIV,Seqirus,Flucelvax Quad.,10-dose,Vial,2020,0.06%,14.550
Seasonal Influenza (adult) - QIV,Seqirus,Afluria Quad.,1-dose,Syringe,2020,2.24%,12.400
Seasonal Influenza (adult) - QIV,Seqirus,Afluria Quad.,10-dose,Vial,2020,2.19%,11.600
Seasonal Influenza (adult) - QIV,AstraZen.,FluMist Quad.,1-dose,Sprayer,2019,,
Seasonal Influenza (adult) - QIV,GSK,FluLaval Quad.,1-dose,Syringe,2019,0%,12.220
Seasonal Influenza (adult) - QIV,GSK,FluLaval Quad.,10-dose,Vial,2019,0%,11.940
Seasonal Influenza (adult) - QIV,GSK,Fluarix Quad.,1-dose,Syringe,2019,-0.74%,12.220
Seasonal Influenza (adult) - QIV,Sanofi,Fluzone Quad.,1-dose,Vial,2019,1.66%,13.800
Seasonal Influenza (adult) - QIV,Sanofi,Fluzone Quad.,1-dose,Syringe,2019,1.66%,13.800
Seasonal Influenza (adult) - QIV,Sanofi,Fluzone Quad.,10-dose,Vial,2019,1.65%,12.780
Seasonal Influenza (adult) - QIV,Seqirus,Flucelvax Quad.,1-dose,Syringe,2019,21.63%,15.120
Seasonal Influenza (adult) - QIV,Seqirus,Flucelvax Quad.,10-dose,Vial,2019,25.72%,14.540
Seasonal Influenza (adult) - QIV,Seqirus,Afluria Quad.,1-dose,Syringe,2019,-0.82%,12.130
Seasonal Influenza (adult) - QIV,Seqirus,Afluria Quad.,10-dose,Vial,2019,-0.95%,11.350
Seasonal Influenza (adult) - QIV,AstraZen.,FluMist Quad.,1-dose,Sprayer,2018,,
Seasonal Influenza (adult) - QIV,GSK,FluLaval Quad.,1-dose,Syringe,2018,,12.220
Seasonal Influenza (adult) - QIV,GSK,FluLaval Quad.,10-dose,Vial,2018,0.51%,11.940
Seasonal Influenza (adult) - QIV,GSK,Fluarix Quad.,1-dose,Syringe,2018,-3.22%,12.310
Seasonal Influenza (adult) - QIV,Sanofi,Fluzone Quad.,1-dose,Vial,2018,-0.94%,13.570
Seasonal Influenza (adult) - QIV,Sanofi,Fluzone Quad.,1-dose,Syringe,2018,-1.31E-16,13.570
Seasonal Influenza (adult) - QIV,Sanofi,Fluzone Quad.,10-dose,Vial,2018,0.02%,12.570
Seasonal Influenza (adult) - QIV,Seqirus,Flucelvax Quad.,1-dose,Syringe,2018,-9.90%,12.430
Seasonal Influenza (adult) - QIV,Seqirus,Flucelvax Quad.,10-dose,Vial,2018,-7.82%,11.570
Seasonal Influenza (adult) - QIV,Seqirus,Afluria Quad.,1-dose,Syringe,2018,-3.55%,12.230
Seasonal Influenza (adult) - QIV,Seqirus,Afluria Quad.,10-dose,Vial,2018,-4.11%,11.460
Seasonal Influenza (adult) - QIV,AstraZen.,FluMist Quad.,1-dose,Sprayer,2017,,
Seasonal Influenza (adult) - QIV,GSK,FluLaval Quad.,1-dose,Syringe,2017,,
Seasonal Influenza (adult) - QIV,GSK,FluLaval Quad.,10-dose,Vial,2017,1.37%,11.880
Seasonal Influenza (adult) - QIV,GSK,Fluarix Quad.,1-dose,Syringe,2017,0.50%,12.720
Seasonal Influenza (adult) - QIV,Sanofi,Fluzone Quad.,1-dose,Vial,2017,-1.54%,13.700
Seasonal Influenza (adult) - QIV,Sanofi,Fluzone Quad.,1-dose,Syringe,2017,0.50%,13.580
Seasonal Influenza (adult) - QIV,Sanofi,Fluzone Quad.,10-dose,Vial,2017,0.34%,12.570
Seasonal Influenza (adult) - QIV,Seqirus,Flucelvax Quad.,1-dose,Syringe,2017,,13.800
Seasonal Influenza (adult) - QIV,Seqirus,Flucelvax Quad.,10-dose,Vial,2017,,12.550
Seasonal Influenza (adult) - QIV,Seqirus,Afluria Quad.,1-dose,Syringe,2017,,12.680
Seasonal Influenza (adult) - QIV,Seqirus,Afluria Quad.,10-dose,Vial,2017,,11.950
Seasonal Influenza (adult) - QIV,AstraZen.,FluMist Quad.,1-dose,Sprayer,2016,,
Seasonal Influenza (adult) - QIV,GSK,FluLaval Quad.,1-dose,Syringe,2016,,
Seasonal Influenza (adult) - QIV,GSK,FluLaval Quad.,10-dose,Vial,2016,3.05%,11.720
Seasonal Influenza (adult) - QIV,GSK,Fluarix Quad.,1-dose,Syringe,2016,4.40%,12.660
Seasonal Influenza (adult) - QIV,Sanofi,Fluzone Quad.,1-dose,Vial,2016,2.53%,13.920
Seasonal Influenza (adult) - QIV,Sanofi,Fluzone Quad.,1-dose,Syringe,2016,4.18%,13.510
Seasonal Influenza (adult) - QIV,Sanofi,Fluzone Quad.,10-dose,Vial,2016,2.50%,12.530
Seasonal Influenza (adult) - QIV,Seqirus,Flucelvax Quad.,1-dose,Syringe,2016,,
Seasonal Influenza (adult) - QIV,Seqirus,Flucelvax Quad.,10-dose,Vial,2016,,
Seasonal Influenza (adult) - QIV,Seqirus,Afluria Quad.,1-dose,Syringe,2016,,
Seasonal Influenza (adult) - QIV,Seqirus,Afluria Quad.,10-dose,Vial,2016,,
Seasonal Influenza (adult) - QIV,AstraZen.,FluMist Quad.,1-dose,Sprayer,2015,,
Seasonal Influenza (adult) - QIV,GSK,FluLaval Quad.,1-dose,Syringe,2015,,
Seasonal Influenza (adult) - QIV,GSK,FluLaval Quad.,10-dose,Vial,2015,6.49%,11.370
Seasonal Influenza (adult) - QIV,GSK,Fluarix Quad.,1-dose,Syringe,2015,0.78%,12.120
Seasonal Influenza (adult) - QIV,Sanofi,Fluzone Quad.,1-dose,Vial,2015,0%,13.580
Seasonal Influenza (adult) - QIV,Sanofi,Fluzone Quad.,1-dose,Syringe,2015,0%,12.970
Seasonal Influenza (adult) - QIV,Sanofi,Fluzone Quad.,10-dose,Vial,2015,0%,12.220
Seasonal Influenza (adult) - QIV,Seqirus,Flucelvax Quad.,1-dose,Syringe,2015,,
Seasonal Influenza (adult) - QIV,Seqirus,Flucelvax Quad.,10-dose,Vial,2015,,
Seasonal Influenza (adult) - QIV,Seqirus,Afluria Quad.,1-dose,Syringe,2015,,
Seasonal Influenza (adult) - QIV,Seqirus,Afluria Quad.,10-dose,Vial,2015,,
Seasonal Influenza (adult) - QIV,AstraZen.,FluMist Quad.,1-dose,Sprayer,2014,,
Seasonal Influenza (adult) - QIV,GSK,FluLaval Quad.,1-dose,Syringe,2014,,
Seasonal Influenza (adult) - QIV,GSK,FluLaval Quad.,10-dose,Vial,2014,,10.680
Seasonal Influenza (adult) - QIV,GSK,Fluarix Quad.,1-dose,Syringe,2014,0%,12.030
Seasonal Influenza (adult) - QIV,Sanofi,Fluzone Quad.,1-dose,Vial,2014,,13.580
Seasonal Influenza (adult) - QIV,Sanofi,Fluzone Quad.,1-dose,Syringe,2014,,12.970
Seasonal Influenza (adult) - QIV,Sanofi,Fluzone Quad.,10-dose,Vial,2014,,12.220
Seasonal Influenza (adult) - QIV,Seqirus,Flucelvax Quad.,1-dose,Syringe,2014,,
Seasonal Influenza (adult) - QIV,Seqirus,Flucelvax Quad.,10-dose,Vial,2014,,
Seasonal Influenza (adult) - QIV,Seqirus,Afluria Quad.,1-dose,Syringe,2014,,
Seasonal Influenza (adult) - QIV,Seqirus,Afluria Quad.,10-dose,Vial,2014,,
Seasonal Influenza (adult) - QIV,AstraZen.,FluMist Quad.,1-dose,Sprayer,2013,,
Seasonal Influenza (adult) - QIV,GSK,FluLaval Quad.,1-dose,Syringe,2013,,
Seasonal Influenza (adult) - QIV,GSK,FluLaval Quad.,10-dose,Vial,2013,,
Seasonal Influenza (adult) - QIV,GSK,Fluarix Quad.,1-dose,Syringe,2013,,12.030
Seasonal Influenza (adult) - QIV,Sanofi,Fluzone Quad.,1-dose,Vial,2013,,
Seasonal Influenza (adult) - QIV,Sanofi,Fluzone Quad.,1-dose,Syringe,2013,,
Seasonal Influenza (adult) - QIV,Sanofi,Fluzone Quad.,10-dose,Vial,2013,,
Seasonal Influenza (adult) - QIV,Seqirus,Flucelvax Quad.,1-dose,Syringe,2013,,
Seasonal Influenza (adult) - QIV,Seqirus,Flucelvax Quad.,10-dose,Vial,2013,,
Seasonal Influenza (adult) - QIV,Seqirus,Afluria Quad.,1-dose,Syringe,2013,,
Seasonal Influenza (adult) - QIV,Seqirus,Afluria Quad.,10-dose,Vial,2013,,
Seasonal Influenza (adult) - QIV,Sanofi,Fluzone Quad.,1-dose,Syringe,2021,2.31%,14.050
Seasonal Influenza (adult) - QIV,Sanofi,Fluzone Quad.,10-dose,Vial,2021,2.51%,13.130
Shingles,GSK,Shingrix,1-dose,Vial,2020,-0.31%,102.090
Shingles,Merck,Zostavax,1-dose,Vial,2020,,
Shingles,GSK,Shingrix,1-dose,Vial,2019,0.20%,102.400
Shingles,GSK,Shingrix,1-dose,Vial,2018,,102.190
Shingles,Merck,Zostavax,1-dose,Vial,2018,0.56%,134.160
Shingles,GSK,Shingrix,1-dose,Vial,2017,,
Shingles,Merck,Zostavax,1-dose,Vial,2017,13.91%,133.420
Shingles,GSK,Shingrix,1-dose,Vial,2016,,
Shingles,Merck,Zostavax,1-dose,Vial,2016,0.24%,117.120
Shingles,GSK,Shingrix,1-dose,Vial,2015,,
Shingles,Merck,Zostavax,1-dose,Vial,2015,1.42%,116.830
Shingles,GSK,Shingrix,1-dose,Vial,2014,,
Shingles,Merck,Zostavax,1-dose,Vial,2014,0.67%,115.200
Shingles,GSK,Shingrix,1-dose,Vial,2013,,
Shingles,Merck,Zostavax,1-dose,Vial,2013,,114.440
Td,Sanofi,Tenivac,1-dose,Vial,2021,2.47%,21.510
Td,Sanofi,Tenivac,1-dose,Syringe,2021,2.47%,21.510
Td (adult),Sanofi,Tenivac,1-dose,Vial,2021,,
Td (adult),Sanofi,Tenivac,1-dose,Syringe,2021,,
Tdap,Sanofi,Adacel,1-dose,Vial,2021,1.81%,32.930
Td,Grifols,TDVAX,1-dose,Vial,2020,1.31%,16.240
Td,Merck,,1-dose,Vial,2020,,
Td,Sanofi,Tenivac,1-dose,Vial,2020,2.55%,20.990
Td,Sanofi,Tenivac,1-dose,Syringe,2020,2.55%,20.990
Td,Grifols,TDVAX,1-dose,Vial,2019,,16.030
Td,Grifols,,1-dose,Vial,2019,0.03%,12.530
Td,Merck,,1-dose,Vial,2019,,
Td,Sanofi,Tenivac,1-dose,Vial,2019,2.59%,20.470
Td,Sanofi,Tenivac,1-dose,Syringe,2019,2.59%,20.470
Td,Grifols,TDVAX,1-dose,Vial,2018,,
Td,Grifols,,1-dose,Vial,2018,-2.40%,12.520
Td,Merck,,1-dose,Vial,2018,,
Td,Sanofi,Tenivac,1-dose,Vial,2018,1.33%,19.950
Td,Sanofi,Tenivac,1-dose,Syringe,2018,1.33%,19.950
Td,Grifols,TDVAX,1-dose,Vial,2017,,
Td,Grifols,,1-dose,Vial,2017,-2.80%,12.830
Td,Merck,,1-dose,Vial,2017,,
Td,Sanofi,Tenivac,1-dose,Vial,2017,0.74%,19.690
Td,Sanofi,Tenivac,1-dose,Syringe,2017,0.74%,19.690
Td,Grifols,TDVAX,1-dose,Vial,2016,,
Td,Grifols,,1-dose,Vial,2016,,13.200
Td,Merck,,1-dose,Vial,2016,,
Td,Sanofi,Tenivac,1-dose,Vial,2016,5.97%,19.550
Td,Sanofi,Tenivac,1-dose,Syringe,2016,5.97%,19.550
Td,Grifols,TDVAX,1-dose,Vial,2015,,
Td,Grifols,,1-dose,Vial,2015,,
Td,Merck,,1-dose,Vial,2015,,
Td,Sanofi,Tenivac,1-dose,Vial,2015,4.49%,18.440
Td,Sanofi,Tenivac,1-dose,Syringe,2015,4.49%,18.440
Td,Grifols,TDVAX,1-dose,Vial,2014,,
Td,Grifols,,1-dose,Vial,2014,,
Td,Sanofi,Tenivac,1-dose,Vial,2014,1.06%,17.650
Td,Sanofi,Tenivac,1-dose,Syringe,2014,1.06%,17.650
Td,Grifols,TDVAX,1-dose,Vial,2013,,
Td,Grifols,,1-dose,Vial,2013,,
Td,Merck,,1-dose,Vial,2013,,16.010
Td,Sanofi,Tenivac,1-dose,Vial,2013,,17.470
Td,Sanofi,Tenivac,1-dose,Syringe,2013,,17.470
Tdap,Sanofi,Adacel,1-dose,Syringe,2021,1.81%,32.930
Tdap (adult),Sanofi,Adacel,1-dose,Vial,2021,5.26%,26.340
Tdap (adult),Sanofi,Adacel,1-dose,Syringe,2021,3.74%,25.820
Seasonal Influenza,Seqirus,Afluria,1-dose,Syringe,2021,,
Seasonal Influenza,Seqirus,Afluria,10-dose,Vial,2021,,
Seasonal Influenza - QIV,Seqirus,Flucelvax Quad.,1-dose,Syringe,2021,8.41%,17.250
Seasonal Influenza - QIV,Seqirus,Flucelvax Quad.,10-dose,Vial,2021,7.81%,16.300
Td (adult),Akorn,Tenivac,1-dose,Vial,2020,,
Td (adult),Akorn,,1-dose,Vial,2020,,
Td (adult),Grifols,TDVAX,1-dose,Vial,2020,5.01%,16.110
Td (adult),Merck,,1-dose,Vial,2020,,
Td (adult),Sanofi,Tenivac,1-dose,Vial,2020,,
Td (adult),Sanofi,Tenivac,1-dose,Syringe,2020,,
Td (adult),Akorn,Tenivac,1-dose,Vial,2019,,
Td (adult),Akorn,,1-dose,Vial,2019,,
Td (adult),Grifols,TDVAX,1-dose,Vial,2019,,15.340
Td (adult),Grifols,,1-dose,Vial,2019,1.54%,13.960
Td (adult),Merck,,1-dose,Vial,2019,,
Td (adult),Sanofi,Tenivac,1-dose,Vial,2019,,
Td (adult),Sanofi,Tenivac,1-dose,Syringe,2019,,
Td (adult),Akorn,Tenivac,1-dose,Vial,2018,,
Td (adult),Akorn,,1-dose,Vial,2018,,
Td (adult),Grifols,TDVAX,1-dose,Vial,2018,,
Td (adult),Grifols,,1-dose,Vial,2018,6.88%,13.750
Td (adult),Merck,,1-dose,Vial,2018,,
Td (adult),Akorn,Tenivac,1-dose,Vial,2017,,
Td (adult),Akorn,,1-dose,Vial,2017,,
Td (adult),Grifols,TDVAX,1-dose,Vial,2017,,
Td (adult),Grifols,,1-dose,Vial,2017,-2.52%,12.870
Td (adult),Merck,,1-dose,Vial,2017,,
Td (adult),Sanofi,Tenivac,1-dose,Vial,2017,-4.34E-16,12.270
Td (adult),Sanofi,Tenivac,1-dose,Syringe,2017,0%,12.460
Td (adult),Akorn,Tenivac,1-dose,Vial,2016,,
Td (adult),Akorn,,1-dose,Vial,2016,,
Td (adult),Grifols,TDVAX,1-dose,Vial,2016,,
Td (adult),Grifols,,1-dose,Vial,2016,,13.200
Td (adult),Merck,,1-dose,Vial,2016,,
Td (adult),Sanofi,Tenivac,1-dose,Vial,2016,-14.17%,12.270
Td (adult),Sanofi,Tenivac,1-dose,Syringe,2016,-13.48%,12.460
Td (adult),Akorn,Tenivac,1-dose,Vial,2015,,
Td (adult),Grifols,TDVAX,1-dose,Vial,2015,,
Td (adult),Grifols,,1-dose,Vial,2015,,
Td (adult),Sanofi,Tenivac,1-dose,Vial,2015,3.18%,14.300
Td (adult),Sanofi,Tenivac,1-dose,Syringe,2015,4.31%,14.410
Td (adult),Akorn,,1-dose,Vial,2014,,12.600
Td (adult),Grifols,TDVAX,1-dose,Vial,2014,,
Td (adult),Grifols,,1-dose,Vial,2014,,
Td (adult),Merck,,1-dose,Vial,2014,-2.71E-16,13.110
Td (adult),Sanofi,Tenivac,1-dose,Vial,2014,2.50%,13.860
Td (adult),Sanofi,Tenivac,1-dose,Syringe,2014,2.92%,13.810
Td (adult),Akorn,Tenivac,1-dose,Vial,2013,,12.600
Td (adult),Akorn,,1-dose,Vial,2013,,
Td (adult),Grifols,TDVAX,1-dose,Vial,2013,,
Td (adult),Grifols,,1-dose,Vial,2013,,
Td (adult),Merck,,1-dose,Vial,2013,,13.110
Td (adult),Sanofi,Tenivac,1-dose,Vial,2013,,13.520
Td (adult),Sanofi,Tenivac,1-dose,Syringe,2013,,13.420
Seasonal Influenza - QIV,Seqirus,Afluria Quad.,1-dose,Syringe,2021,2.33%,13.630
Seasonal Influenza - QIV,Seqirus,Afluria Quad.,10-dose,Vial,2021,-0.97%,12.450
Seasonal Influenza (adult),Seqirus,Fluvirin,1-dose,Syringe,2021,,
Seasonal Influenza (adult),Seqirus,Fluvirin,10-dose,Vial,2021,,
Tdap,GSK,Boostrix,1-dose,Vial,2020,2.55%,32.840
Tdap,GSK,Boostrix,1-dose,Syringe,2020,2.55%,32.840
Tdap,Sanofi,Adacel,1-dose,Vial,2020,2.55%,32.340
Tdap,Sanofi,Adacel,1-dose,Syringe,2020,2.55%,32.340
Tdap,GSK,Boostrix,1-dose,Vial,2019,1.91%,32.020
Tdap,GSK,Boostrix,1-dose,Syringe,2019,1.91%,32.020
Tdap,Sanofi,Adacel,1-dose,Vial,2019,2.00%,31.540
Tdap,Sanofi,Adacel,1-dose,Syringe,2019,2.00%,31.540
Tdap,GSK,Boostrix,1-dose,Vial,2018,-0.04%,31.420
Tdap,GSK,Boostrix,1-dose,Syringe,2018,-0.04%,31.420
Tdap,Sanofi,Adacel,1-dose,Vial,2018,-0.78%,30.920
Tdap,Sanofi,Adacel,1-dose,Syringe,2018,-0.78%,30.920
Tdap,GSK,Boostrix,1-dose,Vial,2017,-0.05%,31.430
Tdap,GSK,Boostrix,1-dose,Syringe,2017,-0.05%,31.430
Tdap,Sanofi,Adacel,1-dose,Vial,2017,-0.67%,31.160
Tdap,Sanofi,Adacel,1-dose,Syringe,2017,-0.67%,31.160
Tdap,GSK,Boostrix,1-dose,Vial,2016,4.21%,31.450
Tdap,GSK,Boostrix,1-dose,Syringe,2016,5.48%,31.450
Tdap,Sanofi,Adacel,1-dose,Vial,2016,1.20%,31.370
Tdap,Sanofi,Adacel,1-dose,Syringe,2016,1.20%,31.370
Tdap,GSK,Boostrix,1-dose,Vial,2015,-1.47%,30.180
Tdap,GSK,Boostrix,1-dose,Syringe,2015,-2.66%,29.820
Tdap,Sanofi,Adacel,1-dose,Vial,2015,2.29%,31.000
Tdap,Sanofi,Adacel,1-dose,Syringe,2015,2.29%,31.000
Tdap,GSK,Boostrix,1-dose,Vial,2014,0.11%,30.630
Tdap,GSK,Boostrix,1-dose,Syringe,2014,0.73%,30.630
Tdap,Sanofi,Adacel,1-dose,Vial,2014,-0.35%,30.300
Tdap,Sanofi,Adacel,1-dose,Syringe,2014,-0.35%,30.300
Tdap,GSK,Boostrix,1-dose,Vial,2013,,30.600
Tdap,GSK,Boostrix,1-dose,Syringe,2013,,30.410
Tdap,Sanofi,Adacel,1-dose,Vial,2013,,30.410
Tdap,Sanofi,Adacel,1-dose,Syringe,2013,,30.410
Seasonal Influenza (adult),Seqirus,Afluria,1-dose,Syringe,2021,,
Seasonal Influenza (adult),Seqirus,Afluria,10-dose,Vial,2021,,
Seasonal Influenza (adult) - QIV,Seqirus,Flucelvax Quad.,1-dose,Syringe,2021,2.96%,15.920
Seasonal Influenza (adult) - QIV,Seqirus,Flucelvax Quad.,10-dose,Vial,2021,5.21%,15.310
Tdap (adult),GSK,Boostrix,1-dose,Vial,2020,0.95%,24.800
Tdap (adult),GSK,Boostrix,1-dose,Syringe,2020,0.73%,25.130
Tdap (adult),Sanofi,Adacel,1-dose,Vial,2020,2.17%,25.020
Tdap (adult),Sanofi,Adacel,1-dose,Syringe,2020,-0.85%,24.890
Tdap (adult),GSK,Boostrix,1-dose,Vial,2019,0.32%,24.570
Tdap (adult),GSK,Boostrix,1-dose,Syringe,2019,0.63%,24.940
Tdap (adult),Sanofi,Adacel,1-dose,Vial,2019,-1.62%,24.490
Tdap (adult),Sanofi,Adacel,1-dose,Syringe,2019,1.19%,25.100
Tdap (adult),GSK,Boostrix,1-dose,Vial,2018,0.54%,24.490
Tdap (adult),GSK,Boostrix,1-dose,Syringe,2018,-0.19%,24.790
Tdap (adult),Sanofi,Adacel,1-dose,Vial,2018,3.41%,24.890
Tdap (adult),Sanofi,Adacel,1-dose,Syringe,2018,1.35%,24.810
Tdap (adult),GSK,Boostrix,1-dose,Vial,2017,1.61%,24.360
Tdap (adult),GSK,Boostrix,1-dose,Syringe,2017,8.63%,24.840
Tdap (adult),Sanofi,Adacel,1-dose,Vial,2017,1.99%,24.070
Tdap (adult),Sanofi,Adacel,1-dose,Syringe,2017,5.27%,24.480
Tdap (adult),GSK,Boostrix,1-dose,Vial,2016,-4.23%,23.970
Tdap (adult),GSK,Boostrix,1-dose,Syringe,2016,-4.16%,22.860
Tdap (adult),Sanofi,Adacel,1-dose,Vial,2016,2.64%,23.600
Tdap (adult),Sanofi,Adacel,1-dose,Syringe,2016,15.25%,23.250
Tdap (adult),GSK,Boostrix,1-dose,Vial,2015,-2.13%,25.030
Tdap (adult),GSK,Boostrix,1-dose,Syringe,2015,-7.50%,23.860
Tdap (adult),Sanofi,Adacel,1-dose,Vial,2015,1.61%,22.990
Tdap (adult),Sanofi,Adacel,1-dose,Syringe,2015,-5.37%,20.180
Tdap (adult),GSK,Boostrix,1-dose,Vial,2014,1.25%,25.580
Tdap (adult),GSK,Boostrix,1-dose,Syringe,2014,2.09%,25.790
Tdap (adult),Sanofi,Adacel,1-dose,Vial,2014,-6.24%,22.630
Tdap (adult),Sanofi,Adacel,1-dose,Syringe,2014,-12.20%,21.320
Tdap (adult),GSK,Boostrix,1-dose,Vial,2013,,25.260
Tdap (adult),GSK,Boostrix,1-dose,Syringe,2013,,25.260
Tdap (adult),Sanofi,Adacel,1-dose,Vial,2013,,24.140
Tdap (adult),Sanofi,Adacel,1-dose,Syringe,2013,,24.280
Seasonal Influenza (adult) - QIV,Seqirus,Afluria Quad.,1-dose,Syringe,2021,6.16%,13.170
Varicella,Merck,Varivax,1-dose,Vial,2020,4.78%,107.540
Varicella,Merck,Varivax,1-dose,Vial,2019,7.87%,102.630
Varicella,Merck,Varivax,1-dose,Vial,2018,11.97%,95.140
Varicella,Merck,Varivax,1-dose,Vial,2017,-1.61%,84.970
Varicella,Merck,Varivax,1-dose,Vial,2016,5.37%,86.360
Varicella,Merck,Varivax,1-dose,Vial,2015,5.96%,81.960
Varicella,Merck,Varivax,1-dose,Vial,2014,3.51%,77.350
Varicella,Merck,Varivax,1-dose,Vial,2013,,74.720
Seasonal Influenza (adult) - QIV,Seqirus,Afluria Quad.,10-dose,Vial,2021,8.09%,12.540
Varicella (adult),Merck,Varivax,1-dose,Vial,2020,1.01%,82.040
Varicella (adult),Merck,Varivax,1-dose,Vial,2019,11.28%,81.220
Varicella (adult),Merck,Varivax,1-dose,Vial,2018,8.05%,72.990
Varicella (adult),Merck,Varivax,1-dose,Vial,2017,-0.04%,67.550
Varicella (adult),Merck,Varivax,1-dose,Vial,2016,5.49%,67.580
Varicella (adult),Merck,Varivax,1-dose,Vial,2015,5.43%,64.070
Varicella (adult),Merck,Varivax,1-dose,Vial,2014,-0.72%,60.770
Varicella (adult),Merck,Varivax,1-dose,Vial,2013,,61.200
